timestamp,t,P_buy,P_sell,P_ch,P_dis,SOC_kWh,P_dg,P_pv,P_wt,shed,trigger,q50,q90,q95,load_actual,Pgrid_max_kW,Pess_max_kW,Ecap_kWh,SOC_min_kWh,SOC_max_kWh,SOC0_kWh,SOC_pct
2022-04-29 00:00:00,0,162.4472123503824,0.0,0.0,958.1062188161949,4620.0,0.0,0.0,799.2490542147924,0.0,0,1464.3880004882812,1835.315576171875,2058.5849609375,1255.4,5000.0,1100.0,7700.0,1155.0,7315.0,4620.0,56.25
2022-04-29 00:15:00,1,583.3896900653447,0.0,0.0,538.8076110325032,4367.866784522054,0.0,0.0,915.0757621535392,0.0,0,1464.3880004882812,1835.315576171875,2058.5849609375,1606.9,5000.0,1100.0,7700.0,1155.0,7315.0,4620.0,52.15692832016322
2022-04-29 00:30:00,2,487.9547889299277,0.0,0.0,608.1836180677154,4226.075307934553,0.0,0.0,881.5747263417331,0.0,0,1484.5264282226562,1890.4808227539063,1972.937860107421,1529.9,5000.0,1100.0,7700.0,1155.0,7315.0,4620.0,49.85511863530119
2022-04-29 00:45:00,3,887.0464257905944,0.0,0.0,327.1323115528649,4066.0269873904176,0.0,0.0,879.635219581499,0.0,0,1507.3056640625,1988.55849609375,2142.14248046875,1861.9,5000.0,1100.0,7700.0,1155.0,7315.0,4620.0,47.2569316134808
2022-04-29 01:00:00,4,573.1216670646251,0.0,0.0,610.7287175940897,3979.939536981769,0.0,0.0,978.0653845667484,0.0,0,1551.76513671875,2093.184228515625,2266.581298828125,1687.3,5000.0,1100.0,7700.0,1155.0,7315.0,4620.0,45.85940806788586
2022-04-29 01:15:00,5,1152.7095050608673,0.0,0.0,337.45931210618284,3819.221453404377,0.0,0.0,667.3886043089038,0.0,0,1612.914306640625,2201.441162109375,2330.225061035156,1997.6,5000.0,1100.0,7700.0,1155.0,7315.0,4620.0,43.25034826955157
2022-04-29 01:30:00,6,858.1134338669317,0.0,0.0,574.9409550110063,3730.416371271171,0.0,0.0,731.0348981815989,0.0,0,1637.6956176757812,2334.8453369140625,2528.78466796875,1861.2,5000.0,1100.0,7700.0,1155.0,7315.0,4620.0,41.8087073258307
2022-04-29 01:45:00,7,831.6284255891577,0.0,0.0,641.9717320836968,3579.1161199524854,0.0,0.0,654.7270467234363,0.0,0,1669.491943359375,2435.4650634765626,2651.9646240234374,1844.3,5000.0,1100.0,7700.0,1155.0,7315.0,4620.0,39.35253441481307
2022-04-29 02:00:00,8,810.6283850437717,0.0,0.0,508.86035069475025,3410.1761904567757,0.0,0.0,788.1472241257167,0.0,0,1740.8602294921875,2561.277197265625,2786.256665039062,1895.3,5000.0,1100.0,7700.0,1155.0,7315.0,4620.0,36.61000309183078
2022-04-29 02:15:00,9,611.6835177914417,0.0,0.0,765.5373916512718,3276.265571852894,0.0,0.0,909.8640020848724,0.0,0,1776.279296875,2686.9836669921874,2921.6041870117188,1789.8,5000.0,1100.0,7700.0,1155.0,7315.0,4620.0,34.43612941319633
2022-04-29 02:30:00,10,1006.2897758294617,0.0,0.0,606.0341241958633,3074.808363523612,0.0,0.0,797.5857325102581,0.0,0,1869.2938232421875,2804.642578125,3038.4667480468747,2092.7,5000.0,1100.0,7700.0,1155.0,7315.0,4620.0,31.165720187071628
2022-04-29 02:45:00,11,721.8201985277734,0.0,0.0,340.5329941611622,2915.325699261543,0.0,0.0,854.5468073110644,0.0,0,1978.6284790039065,2929.02880859375,3128.1809082031245,1916.9,5000.0,1100.0,7700.0,1155.0,7315.0,4620.0,28.57671589710297
2022-04-29 03:00:00,12,1206.5365874119364,0.0,0.0,448.26341258806383,2825.711753429658,0.0,0.0,600.0,0.0,0,2087.4786376953125,3097.69697265625,3294.11669921875,2254.8,5000.0,1100.0,7700.0,1155.0,7315.0,4620.0,27.121944049182762
2022-04-29 03:15:00,13,1939.722941753384,0.0,0.0,0.0,2707.7476974854308,0.0,0.0,816.1770582466161,0.0,0,2158.803466796875,3184.393115234375,3325.7227539062496,2755.9,5000.0,1100.0,7700.0,1155.0,7315.0,4620.0,25.20694314099725
2022-04-29 03:30:00,14,2025.8637576385227,0.0,0.0,0.0,2707.7476974854308,0.0,0.0,700.2362423614774,0.0,0,2294.69775390625,3330.804638671875,3511.8229370117188,2726.1,5000.0,1100.0,7700.0,1155.0,7315.0,4620.0,25.20694314099725
2022-04-29 03:45:00,15,1740.8071674029243,0.0,0.0,0.0,2707.7476974854308,0.0,0.0,995.2928325970756,0.0,0,2474.7760009765625,3483.6594482421874,3696.8657958984377,2736.1,5000.0,1100.0,7700.0,1155.0,7315.0,4620.0,25.20694314099725
2022-04-29 04:00:00,16,1982.746601589533,0.0,0.0,0.0,2707.7476974854308,0.0,0.0,897.5533984104671,0.0,0,2633.867431640625,3636.412158203125,3827.892590332031,2880.3,5000.0,1100.0,7700.0,1155.0,7315.0,4620.0,25.20694314099725
2022-04-29 04:15:00,17,2031.6715568416162,0.0,0.0,0.0,2707.7476974854308,0.0,0.0,904.4284431583836,0.0,0,2835.5030517578125,3836.031323242188,4057.0147460937496,2936.1,5000.0,1100.0,7700.0,1155.0,7315.0,4620.0,25.20694314099725
2022-04-29 04:30:00,18,2440.3640458751065,0.0,0.0,0.0,2707.7476974854308,0.0,0.0,793.6359541248934,0.0,0,3067.5555419921875,4063.864331054688,4328.6962890625,3234.0,5000.0,1100.0,7700.0,1155.0,7315.0,4620.0,25.20694314099725
2022-04-29 04:45:00,19,2599.2851498291893,0.0,0.0,0.0,2707.7476974854308,0.0,0.0,867.4148501708103,0.0,0,3373.313720703125,4358.21552734375,4657.281103515625,3466.7,5000.0,1100.0,7700.0,1155.0,7315.0,4620.0,25.20694314099725
2022-04-29 05:00:00,20,3201.632082174005,0.0,0.0,0.0,2707.7476974854308,0.0,0.0,872.367917825995,0.0,0,3692.779541015625,4748.51181640625,5036.083081054687,4074.0,5000.0,1100.0,7700.0,1155.0,7315.0,4620.0,25.20694314099725
2022-04-29 05:15:00,21,3438.6842933062626,0.0,0.0,0.0,2707.7476974854308,0.0,0.0,762.115706693738,0.0,0,4239.680419921875,5210.88046875,5559.5048828125,4200.8,5000.0,1100.0,7700.0,1155.0,7315.0,4620.0,25.20694314099725
2022-04-29 05:30:00,22,3925.0233742578375,0.0,0.0,65.68754964670616,2707.7476974854308,0.0,0.0,745.2890760954559,0.0,0,4640.467041015625,5547.911279296875,5852.18662109375,4736.0,5000.0,1100.0,7700.0,1155.0,7315.0,4620.0,25.20694314099725
2022-04-29 05:45:00,23,3924.2580059364072,0.0,0.0,131.0670002383482,2690.4615002099818,0.0,0.0,787.3749938252444,0.0,0,4829.595458984375,5708.431591796875,6001.153833007813,4842.7,5000.0,1100.0,7700.0,1155.0,7315.0,4620.0,24.926323055356846
2022-04-29 06:00:00,24,3432.069270343055,0.0,0.0,688.2304506854924,2655.970184357785,0.0,0.0,733.4002789714522,0.0,0,4713.64111328125,5637.211767578125,6060.204638671875,4853.7,5000.0,1100.0,7700.0,1155.0,7315.0,4620.0,24.366399096717288
2022-04-29 06:15:00,25,3041.55092016039,0.0,0.0,712.1364022286862,2474.856907861603,0.0,209.2900135364578,734.6226640744661,0.0,0,4293.88330078125,5488.836279296876,5954.45263671875,4697.6,5000.0,1100.0,7700.0,1155.0,7315.0,4620.0,21.4262485042468
2022-04-29 06:30:00,26,2367.9891872465005,0.0,0.0,709.7982889657701,2287.4525914856326,0.0,417.683815104165,768.8287086835646,0.0,0,3682.446044921875,5154.164453125,5578.176123046875,4264.3,5000.0,1100.0,7700.0,1155.0,7315.0,4620.0,18.38397064100053
2022-04-29 06:45:00,27,1600.6861297524147,0.0,0.0,687.8507897861542,2100.663568073588,0.0,624.2890304516105,719.8740500098202,0.0,0,2921.648681640625,4374.327001953126,4979.880126953125,3632.7,5000.0,1100.0,7700.0,1155.0,7315.0,4620.0,15.35168129989591
2022-04-29 07:00:00,28,1158.1441661477809,0.0,0.0,162.3753399379876,1919.6502023403896,0.0,828.2209443280666,884.2960564539941,0.0,0,2009.466735839844,3659.5627197265626,4127.464477539063,2704.7,5000.0,1100.0,7700.0,1155.0,7315.0,4620.0,12.413152635395933
2022-04-29 07:15:00,29,781.6984342545696,149.9660088322136,0.0,0.0,1876.9198497251298,0.0,1028.6062889701172,624.4305032825023,0.0,0,1366.7163696289062,2862.0435791015625,3294.466796875,1937.1,5000.0,1100.0,7700.0,1155.0,7315.0,4620.0,11.719478079953404
2022-04-29 07:30:00,30,154.55693548750287,704.4626738273706,0.0,0.0,1876.9198497251298,0.0,1224.5869835682872,890.5918341477261,0.0,0,987.2838745117188,2062.074755859375,2526.871545410156,1270.6,5000.0,1100.0,7700.0,1155.0,7315.0,4620.0,11.719478079953404
2022-04-29 07:45:00,31,0.0,0.0,57.42431984659196,0.0,1876.9198497251298,0.0,1415.3238087008042,731.1876882715704,0.0,0,763.5890197753906,1732.5116943359376,2028.8035888671875,1211.8,5000.0,1100.0,7700.0,1155.0,7315.0,4620.0,11.719478079953404
2022-04-29 08:00:00,32,0.0,0.0,168.81863350372288,0.0,1890.5581256886953,0.0,1599.9999999999995,739.9466048736479,0.0,0,717.8014221191406,1437.9261108398437,1708.0336975097653,756.9,5000.0,1100.0,7700.0,1155.0,7315.0,4620.0,11.940878663777521
2022-04-29 08:15:00,33,0.0,550.9251875038117,662.6480461771155,0.0,1930.6525511458294,0.0,1777.8247456627269,651.4068143947632,0.0,0,497.79052734375,864.2117431640626,963.448626708984,667.0,5000.0,1100.0,7700.0,1155.0,7315.0,4620.0,12.591762193925803
2022-04-29 08:30:00,34,0.0,918.0550360144189,936.7692772445963,0.0,2088.031462112894,0.0,1948.0365728279053,784.1333669266132,0.0,0,333.25213623046875,687.915185546875,780.4797027587889,678.6,5000.0,1100.0,7700.0,1155.0,7315.0,4620.0,15.146614644689839
2022-04-29 08:45:00,35,0.0,862.0659661858188,846.1002721546673,0.0,2310.514165458486,0.0,2109.90660832022,772.7572339805896,0.0,0,247.96759796142575,599.8122741699219,661.9071258544922,517.8,5000.0,1100.0,7700.0,1155.0,7315.0,4620.0,18.75834684185854
2022-04-29 09:00:00,36,0.0,1545.9841242848483,756.15395964642,0.0,2511.4629800952193,0.0,2262.741699796952,821.0601413591862,0.0,0,186.339469909668,506.3610321044922,552.1724700927731,380.1,5000.0,1100.0,7700.0,1155.0,7315.0,4620.0,22.02050292362369
2022-04-29 09:15:00,37,0.0,1704.7892742745735,588.7313908893635,0.0,2691.049545511244,0.0,2405.887383932728,741.2848274482571,0.0,0,156.5932846069336,455.3831726074219,503.7271743774413,269.6,5000.0,1100.0,7700.0,1155.0,7315.0,4620.0,24.935869245312407
2022-04-29 09:30:00,38,0.0,1020.0422669571539,630.4663565769554,0.0,2830.8732508474677,0.0,2538.730688931953,810.3131797233814,0.0,0,141.08975219726562,438.8044982910157,469.33511505126944,269.0,5000.0,1100.0,7700.0,1155.0,7315.0,4620.0,27.20573459167967
2022-04-29 09:45:00,39,0.0,2237.053600512886,646.6464754019225,0.0,2980.6090105344947,0.0,2660.7027593681446,1000.0,0.0,0,143.27466583251953,420.8030944824219,450.1068374633789,264.6,5000.0,1100.0,7700.0,1155.0,7315.0,4620.0,29.636509911274263
2022-04-29 10:00:00,40,0.0,2047.6269820718758,1100.0,0.0,3134.1875484424513,0.0,2771.281292110203,844.9899663898955,0.0,0,158.31060028076172,438.1250335693359,468.64427642822267,471.2,5000.0,1100.0,7700.0,1155.0,7315.0,4620.0,32.129667994195636
2022-04-29 10:15:00,41,0.0,2051.0695572487525,931.9170950954856,0.0,3395.4375484424513,0.0,2869.992772904602,736.894095912871,0.0,0,176.1573715209961,460.0797454833984,506.2574798583984,428.9,5000.0,1100.0,7700.0,1155.0,7315.0,4620.0,36.370739422767066
2022-04-29 10:30:00,42,0.0,2259.1438989688104,780.347546236251,0.0,3616.767858527629,0.0,2956.4145040361173,904.842055476254,0.0,0,220.51215362548828,546.1857849121094,617.4642028808594,449.3,5000.0,1100.0,7700.0,1155.0,7315.0,4620.0,39.96376393713683
2022-04-29 10:45:00,43,0.0,2153.356293910187,464.1300331352497,0.0,3802.1004007587385,0.0,3030.1764143843384,785.8318752633926,0.0,0,324.80731201171875,755.9202697753908,888.5052703857419,436.6,5000.0,1100.0,7700.0,1155.0,7315.0,4620.0,42.97240910322627
2022-04-29 11:00:00,44,0.0,842.7368923109119,682.4922715826376,0.0,3912.3312836283603,0.0,3090.962644125019,865.3261914907696,0.0,0,532.75244140625,1258.2900512695312,1498.016192626953,1008.0,5000.0,1100.0,7700.0,1155.0,7315.0,4620.0,44.76187148747338
2022-04-29 11:15:00,45,0.0,234.63256517624063,638.4969466318568,0.0,4074.423198129237,0.0,3138.5128972903376,867.4022171842466,0.0,0,961.7169189453124,2134.4472656250005,2501.691064453125,1605.2,5000.0,1100.0,7700.0,1155.0,7315.0,4620.0,47.39323373586423
2022-04-29 11:30:00,46,489.4197614462957,0.0,532.8289499605363,0.0,4226.066222954303,0.0,3172.6235563961927,756.9827711562986,0.0,0,1851.8015747070312,3441.5911132812503,3839.9901245117194,2228.1,5000.0,1100.0,7700.0,1155.0,7315.0,4620.0,49.85497115185557
2022-04-29 11:45:00,47,1092.0840087917175,0.0,352.80393285287386,0.0,4352.61309856993,0.0,3193.148554363532,600.0,0.0,0,3060.2681884765625,4910.14580078125,5328.856640625,3231.3,5000.0,1100.0,7700.0,1155.0,7315.0,4620.0,51.90930354821315
2022-04-29 12:00:00,48,1117.8734109764337,0.0,0.0,215.1006773118301,4436.404032622488,0.0,3200.0,761.7581014419565,0.0,0,4315.441162109375,5797.041748046875,6153.52412109375,4557.3,5000.0,1100.0,7700.0,1155.0,7315.0,4620.0,53.2695459841313
2022-04-29 12:15:00,49,1001.898997485406,0.0,0.0,637.512140417391,4379.798591224638,0.0,3193.148554363532,860.6600966179528,0.0,0,5342.309326171875,6582.716015625,6882.542626953124,5270.5,5000.0,1100.0,7700.0,1155.0,7315.0,4620.0,52.350626480919445
2022-04-29 12:30:00,50,1106.1325242760734,0.0,0.0,544.1832010230268,4212.032238483219,0.0,3172.6235563961927,758.1878552813266,0.0,0,5959.8525390625,7018.715576171875,7266.723461914063,5540.4,5000.0,1100.0,7700.0,1155.0,7315.0,4620.0,49.627146728623686
2022-04-29 12:45:00,51,1401.244456893853,0.0,0.0,616.5560211786765,4068.826132950843,0.0,3138.5128972903376,848.2866246371331,0.0,0,6156.248046875,7229.641210937501,7500.524316406249,6004.6,5000.0,1100.0,7700.0,1155.0,7315.0,4620.0,47.30237228816304
2022-04-29 13:00:00,52,1255.751291476943,0.0,0.0,547.2366235154407,3906.5745484301387,0.0,3090.962644125019,907.7494408825972,0.0,0,6092.47314453125,7139.062353515625,7487.0759765625,5801.7,5000.0,1100.0,7700.0,1155.0,7315.0,4620.0,44.66841799399576
2022-04-29 13:15:00,53,1360.598373780609,0.0,0.0,576.5776874921019,3762.5649106629176,0.0,3030.1764143843384,740.1475243429504,0.0,0,5715.740234375,7030.416796875,7368.9774169921875,5707.5,5000.0,1100.0,7700.0,1155.0,7315.0,4620.0,42.33059919907333
2022-04-29 13:30:00,54,1092.3597191869194,0.0,0.0,618.7048538422763,3610.833940270259,0.0,2956.4145040361177,935.4486927795418,0.0,0,5316.332275390625,6651.566796875,6933.977734374999,5333.0,5000.0,1100.0,7700.0,1155.0,7315.0,4620.0,39.86743409529641
2022-04-29 13:45:00,55,773.5614037752972,0.0,0.0,131.85337982068123,3448.01687346966,0.0,2869.9927729046026,978.3984907856952,0.0,0,4210.87060546875,5968.639013671875,6337.475390625,3716.2,5000.0,1100.0,7700.0,1155.0,7315.0,4620.0,37.22429989398799
2022-04-29 14:00:00,56,863.0465594995702,0.0,291.4463345704974,0.0,3413.3186156221122,0.0,2771.281292110204,918.695053862449,0.0,0,2898.0333251953125,4719.961376953125,5243.177587890624,2711.9,5000.0,1100.0,7700.0,1155.0,7315.0,4620.0,36.66101648737195
2022-04-29 14:15:00,57,676.3106516381923,0.0,508.483331973182,0.0,3482.5371200826053,0.0,2660.702759368145,928.2009124689996,0.0,0,1643.2159423828125,3440.054614257813,3951.963854980469,2228.5,5000.0,1100.0,7700.0,1155.0,7315.0,4620.0,37.784693507834504
2022-04-29 14:30:00,58,72.26405932351683,0.0,234.86300765833792,0.0,3603.301911426236,0.0,2538.730688931953,920.647609255409,0.0,0,1121.6092529296875,2226.858666992188,2697.832897949218,1069.5,5000.0,1100.0,7700.0,1155.0,7315.0,4620.0,39.74516089977656
2022-04-29 14:45:00,59,0.0,811.4814147137902,495.1347994466696,0.0,3659.081875745091,0.0,2405.887383932728,1000.0,0.0,0,1026.4820556640625,1858.2556762695312,2066.0298828125,1275.2,5000.0,1100.0,7700.0,1155.0,7315.0,4620.0,40.650679801056675
2022-04-29 15:00:00,60,80.01999139657676,0.0,602.4309207989138,0.0,3776.6763906136753,0.0,2262.7416997969526,820.4446995105035,0.0,0,1198.6760864257812,1981.413818359375,2129.297741699218,1494.0,5000.0,1100.0,7700.0,1155.0,7315.0,4620.0,42.55968166580642
2022-04-29 15:15:00,61,296.7808785192857,0.0,479.1573847918686,0.0,3919.7537343034173,0.0,2109.9066083202206,800.2292491136395,0.0,0,1534.9435424804688,2285.8992431640627,2491.454724121093,1598.4,5000.0,1100.0,7700.0,1155.0,7315.0,4620.0,44.88236581661391
2022-04-29 15:30:00,62,439.36726802634615,0.0,436.19311704891976,0.0,4033.553613191486,0.0,1948.0365728279064,866.341803570924,0.0,0,1859.6128540039065,2627.9102050781253,2821.3261474609376,1920.9,5000.0,1100.0,7700.0,1155.0,7315.0,4620.0,46.72976644791374
2022-04-29 15:45:00,63,528.5442273020055,0.0,170.84860002370849,0.0,4137.149478490604,0.0,1777.8247456627266,700.0985369491692,0.0,0,2164.409545898437,2968.27158203125,3134.3084838867185,2361.4,5000.0,1100.0,7700.0,1155.0,7315.0,4620.0,48.41151750796436
2022-04-29 16:00:00,64,0.0,6.293425602773371,0.0,568.1855976231899,4177.726020996235,0.0,1599.9999999999995,629.1505558627002,0.0,0,2356.2547607421875,3058.1451416015625,3316.966564941406,2573.2,5000.0,1100.0,7700.0,1155.0,7315.0,4620.0,49.07022761357525
2022-04-29 16:15:00,65,227.2501290472338,0.0,0.0,589.8613073549398,4028.203495305922,0.0,1415.3238087008042,702.9791230110598,0.0,0,2568.2860107421875,3311.1984130859382,3642.0892333984375,2841.3,5000.0,1100.0,7700.0,1155.0,7315.0,4620.0,46.642913884836396
2022-04-29 16:30:00,66,472.8906051146059,0.0,0.0,523.941804278082,3872.9768354756748,0.0,1224.5869835682877,840.9821885156907,0.0,0,2802.8814697265625,3703.850073242188,4158.388720703125,3047.1,5000.0,1100.0,7700.0,1155.0,7315.0,4620.0,44.12300057590381
2022-04-29 16:45:00,67,1237.9209586574434,0.0,0.0,593.8368848901252,3735.097413297232,0.0,1028.6062889701177,852.0358674823135,0.0,0,3193.4849853515625,4571.239306640625,4993.270483398437,3712.4,5000.0,1100.0,7700.0,1155.0,7315.0,4620.0,41.884698267812205
2022-04-29 17:00:00,68,2449.8175436517886,0.0,0.0,564.9609710322355,3578.824548852462,0.0,828.2209443280673,631.0005409879083,0.0,0,4007.422729492188,5619.996630859375,6282.722973632812,4474.0,5000.0,1100.0,7700.0,1155.0,7315.0,4620.0,39.347801117734775
2022-04-29 17:15:00,69,4113.663928082875,0.0,0.0,803.647041465514,3430.150609107137,0.0,624.2890304516116,600.0,0.0,0,5201.520751953125,6797.148291015626,7233.424926757809,6141.6,5000.0,1100.0,7700.0,1155.0,7315.0,4620.0,36.93426313485612
2022-04-29 17:30:00,70,4475.131188903542,0.0,0.0,785.8631264614634,3218.6645455635808,613.7975162509939,417.6838151041649,765.2243532798354,0.0,0,6334.182373046875,7789.284423828125,8142.061938476561,7057.7,5000.0,1100.0,7700.0,1155.0,7315.0,4620.0,33.501047817590596
2022-04-29 17:45:00,71,4811.872296721732,0.0,0.0,811.9029300682128,3011.8584596526694,1032.8209764418361,209.290013536458,779.3137832317612,0.0,0,7022.1650390625,8213.74755859375,8487.91279296875,7645.2,5000.0,1100.0,7700.0,1155.0,7315.0,4620.0,30.143806163192682
2022-04-29 18:00:00,72,5000.0,0.0,0.0,869.8999510046441,2798.199793845245,1385.3121406254033,3.91886975727153e-13,794.5879083699529,0.0,0,7267.70068359375,8347.960546875,8611.068505859375,8049.8,5000.0,1100.0,7700.0,1155.0,7315.0,4620.0,26.675321328656576
2022-04-29 18:15:00,73,4912.533755260898,0.0,0.0,777.386249238232,2569.2787541071807,1086.5301263707966,0.0,873.8498691300738,0.0,0,7045.791259765625,8246.60087890625,8511.287841796875,7650.3,5000.0,1100.0,7700.0,1155.0,7315.0,4620.0,22.959070683558128
2022-04-29 18:30:00,74,4442.263362596999,0.0,0.0,708.3167722003402,2364.7034253602774,575.3481055985426,0.0,935.171759604118,0.0,0,6401.9140625,7633.86494140625,7928.6744140625,6661.1,5000.0,1100.0,7700.0,1155.0,7315.0,4620.0,19.63804261948502
2022-04-29 18:45:00,75,3211.1556419443823,0.0,0.0,379.3031541304045,2178.3042747812406,80.84259663536149,0.0,825.3986072898516,0.0,0,5198.6982421875,6755.807714843751,7159.846582031249,4496.7,5000.0,1100.0,7700.0,1155.0,7315.0,4620.0,16.612082382812346
2022-04-29 19:00:00,76,1488.7535112878911,0.0,0.0,185.55117131569773,2078.4876552732394,0.0,0.0,867.395317396411,0.0,0,3652.9486083984375,5354.309912109375,5844.286474609375,2541.7,5000.0,1100.0,7700.0,1155.0,7315.0,4620.0,14.991682715474665
2022-04-29 19:15:00,77,906.177864969171,0.0,0.0,195.49432123963632,2029.6583996638453,0.0,0.0,679.5278137911928,0.0,0,2343.248046875,3761.827880859375,4269.153588867187,1781.2,5000.0,1100.0,7700.0,1155.0,7315.0,4620.0,14.198999994542945
2022-04-29 19:30:00,78,501.6273676144884,0.0,0.0,298.4665139765044,1978.2125256534148,0.0,0.0,670.6061184090072,0.0,0,1543.0162353515625,2531.8771728515626,2833.846728515625,1470.7,5000.0,1100.0,7700.0,1155.0,7315.0,4620.0,13.363839702165825
2022-04-29 19:45:00,79,1.6547828060402663,11.65819432312317,0.0,573.5171947225551,1899.6687061859136,0.0,0.0,825.9862167945278,0.0,0,1149.45166015625,1707.724694824219,1903.6259216308592,1389.5,5000.0,1100.0,7700.0,1155.0,7315.0,4620.0,12.088777697823273
2022-04-29 20:00:00,80,0.0,468.1161241291452,0.0,979.9031828229126,1748.7431286273466,0.0,0.0,873.1129413062326,0.0,0,1009.3185729980468,1351.26162109375,1459.416583251953,1384.9,5000.0,1100.0,7700.0,1155.0,7315.0,4620.0,9.63868715304134
2022-04-29 20:15:00,81,0.0,472.04918760464227,0.0,804.1065722040623,1490.873869989738,0.0,0.0,879.8867801503296,0.0,0,952.1161193847656,1283.53515625,1334.133935546875,1174.4,5000.0,1100.0,7700.0,1155.0,7315.0,4620.0,5.4524978894438005
2022-04-29 20:30:00,82,0.0,518.3803317398524,0.0,837.9787127184129,1279.2668773044584,0.0,0.0,865.2016190214396,0.0,0,948.2503967285156,1286.8432373046876,1332.0291076660155,1184.8,5000.0,1100.0,7700.0,1155.0,7315.0,4620.0,2.0173194367606877
2022-04-29 20:45:00,83,0.0,237.11438705900025,0.0,418.32283162170086,1155.0,0.0,0.0,886.2591079873905,0.0,0,951.5048217773438,1292.9736572265626,1362.7554260253903,951.0,5000.0,1100.0,7700.0,1155.0,7315.0,4620.0,0.0
2022-04-29 21:00:00,84,334.76842464180197,0.0,0.0,50.78332819407426,1155.0,0.0,0.0,889.0810832996292,0.0,0,958.9666748046876,1354.6605712890623,1419.6589965820312,1221.4,5000.0,1100.0,7700.0,1155.0,7315.0,4620.0,0.0
2022-04-29 21:15:00,85,235.95807905060414,0.0,0.0,144.28231098253775,1155.0,0.0,0.0,607.2596099668581,0.0,0,961.1376037597656,1373.39697265625,1437.0715087890626,987.5,5000.0,1100.0,7700.0,1155.0,7315.0,4620.0,0.0
2022-04-29 21:30:00,86,330.2741845197653,0.0,0.0,175.76522384343724,1155.0,0.0,0.0,719.241765415442,0.0,0,973.7751770019532,1380.0443725585938,1452.05986328125,1212.6,5000.0,1100.0,7700.0,1155.0,7315.0,4620.0,0.0
2022-04-29 21:45:00,87,422.2897964290297,0.0,0.0,110.61991087757444,1155.0,0.0,0.0,850.0675716536973,0.0,0,981.7248229980468,1425.571374511719,1484.3243408203125,1354.7,5000.0,1100.0,7700.0,1155.0,7315.0,4620.0,0.0
2022-04-29 22:00:00,88,286.7311580062462,0.0,0.0,40.5570968470941,1155.0,0.0,0.0,865.6339161573688,0.0,0,1014.0003051757812,1462.0280395507814,1533.9368591308591,1096.2,5000.0,1100.0,7700.0,1155.0,7315.0,4620.0,0.0
2022-04-29 22:15:00,89,552.630165044976,0.0,0.0,0.0,1155.0,0.0,0.0,633.6698349550238,0.0,0,1050.1322631835938,1496.8116821289063,1546.4920593261718,1186.3,5000.0,1100.0,7700.0,1155.0,7315.0,4620.0,0.0
2022-04-29 22:30:00,90,371.9011505185019,0.0,0.0,0.0,1155.0,0.0,0.0,929.0367503218184,0.0,0,1030.652099609375,1518.6290649414063,1577.0143676757812,1204.2,5000.0,1100.0,7700.0,1155.0,7315.0,4620.0,0.0
2022-04-29 22:45:00,91,639.6593914531688,0.0,0.0,0.0,1155.0,0.0,0.0,751.7284883768866,0.0,0,1055.7830810546875,1549.5244750976562,1614.9805908203125,1383.6,5000.0,1100.0,7700.0,1155.0,7315.0,4620.0,0.0
2022-04-29 23:00:00,92,341.61086702397967,0.0,0.0,0.0,1155.0,0.0,0.0,774.433277568521,0.0,0,1084.9959716796875,1612.6788452148437,1664.9553710937498,1103.8,5000.0,1100.0,7700.0,1155.0,7315.0,4620.0,0.0
2022-04-29 23:15:00,93,363.2809618422411,0.0,0.0,0.0,1155.0,0.0,0.0,830.1200509236395,0.0,0,1153.1017456054688,1677.1161010742187,1731.5927551269529,1161.3,5000.0,1100.0,7700.0,1155.0,7315.0,4620.0,0.0
2022-04-29 23:30:00,94,476.49475957979354,0.0,0.0,0.0,1155.0,0.0,0.0,882.4598755253287,0.0,0,1165.2098388671875,1729.8970336914062,1813.835791015625,1319.6,5000.0,1100.0,7700.0,1155.0,7315.0,4620.0,0.0
2022-04-29 23:45:00,95,537.4428692730752,0.0,0.0,0.0,1155.0,0.0,0.0,642.3571307269248,0.0,0,1250.101806640625,1834.2253173828128,1938.874310302734,1179.8,5000.0,1100.0,7700.0,1155.0,7315.0,4620.0,0.0
