timestamp,load,is_weekday,temp_max_num,temp_min_num,Weather,Season,Oil price,Quarterly gdp,split
2022/4/15 0:00,1210.6,0,25,21,overcast,spring,9.01,7952.3,history
2022/4/15 0:15,1163.9,0,25,21,overcast,spring,9.01,7952.3,history
2022/4/15 0:30,1110.7,0,25,21,overcast,spring,9.01,7952.3,history
2022/4/15 0:45,1234.8,0,25,21,overcast,spring,9.01,7952.3,history
2022/4/15 1:00,1208,0,25,21,overcast,spring,9.01,7952.3,history
2022/4/15 1:15,942.6,0,25,21,overcast,spring,9.01,7952.3,history
2022/4/15 1:30,935.1,0,25,21,overcast,spring,9.01,7952.3,history
2022/4/15 1:45,1125.4,0,25,21,overcast,spring,9.01,7952.3,history
2022/4/15 2:00,1234.3,0,25,21,overcast,spring,9.01,7952.3,history
2022/4/15 2:15,1362.9,0,25,21,overcast,spring,9.01,7952.3,history
2022/4/15 2:30,1579.2,0,25,21,overcast,spring,9.01,7952.3,history
2022/4/15 2:45,1779.3,0,25,21,overcast,spring,9.01,7952.3,history
2022/4/15 3:00,2209.1,0,25,21,overcast,spring,9.01,7952.3,history
2022/4/15 3:15,2001.6,0,25,21,overcast,spring,9.01,7952.3,history
2022/4/15 3:30,1962.2,0,25,21,overcast,spring,9.01,7952.3,history
2022/4/15 3:45,2040.4,0,25,21,overcast,spring,9.01,7952.3,history
2022/4/15 4:00,2229.6,0,25,21,overcast,spring,9.01,7952.3,history
2022/4/15 4:15,2422.9,0,25,21,overcast,spring,9.01,7952.3,history
2022/4/15 4:30,2706.6,0,25,21,overcast,spring,9.01,7952.3,history
2022/4/15 4:45,2971.8,0,25,21,overcast,spring,9.01,7952.3,history
2022/4/15 5:00,3367.6,0,25,21,overcast,spring,9.01,7952.3,history
2022/4/15 5:15,4364,0,25,21,overcast,spring,9.01,7952.3,history
2022/4/15 5:30,5185.8,0,25,21,overcast,spring,9.01,7952.3,history
2022/4/15 5:45,5498.8,0,25,21,overcast,spring,9.01,7952.3,history
2022/4/15 6:00,5482.2,0,25,21,overcast,spring,9.01,7952.3,history
2022/4/15 6:15,5360.2,0,25,21,overcast,spring,9.01,7952.3,history
2022/4/15 6:30,4804.3,0,25,21,overcast,spring,9.01,7952.3,history
2022/4/15 6:45,4276.3,0,25,21,overcast,spring,9.01,7952.3,history
2022/4/15 7:00,3489.2,0,25,21,overcast,spring,9.01,7952.3,history
2022/4/15 7:15,2409,0,25,21,overcast,spring,9.01,7952.3,history
2022/4/15 7:30,1626.5,0,25,21,overcast,spring,9.01,7952.3,history
2022/4/15 7:45,906.3,0,25,21,overcast,spring,9.01,7952.3,history
2022/4/15 8:00,669.4,0,25,21,overcast,spring,9.01,7952.3,history
2022/4/15 8:15,443.5,0,25,21,overcast,spring,9.01,7952.3,history
2022/4/15 8:30,163.6,0,25,21,overcast,spring,9.01,7952.3,history
2022/4/15 8:45,228.8,0,25,21,overcast,spring,9.01,7952.3,history
2022/4/15 9:00,186.6,0,25,21,overcast,spring,9.01,7952.3,history
2022/4/15 9:15,277.1,0,25,21,overcast,spring,9.01,7952.3,history
2022/4/15 9:30,277.2,0,25,21,overcast,spring,9.01,7952.3,history
2022/4/15 9:45,279.8,0,25,21,overcast,spring,9.01,7952.3,history
2022/4/15 10:00,206.3,0,25,21,overcast,spring,9.01,7952.3,history
2022/4/15 10:15,285.5,0,25,21,overcast,spring,9.01,7952.3,history
2022/4/15 10:30,654.3,0,25,21,overcast,spring,9.01,7952.3,history
2022/4/15 10:45,718.1,0,25,21,overcast,spring,9.01,7952.3,history
2022/4/15 11:00,858.9,0,25,21,overcast,spring,9.01,7952.3,history
2022/4/15 11:15,1158.1,0,25,21,overcast,spring,9.01,7952.3,history
2022/4/15 11:30,1600.7,0,25,21,overcast,spring,9.01,7952.3,history
2022/4/15 11:45,2865.9,0,25,21,overcast,spring,9.01,7952.3,history
2022/4/15 12:00,3785.4,0,25,21,overcast,spring,9.01,7952.3,history
2022/4/15 12:15,4490,0,25,21,overcast,spring,9.01,7952.3,history
2022/4/15 12:30,5120.7,0,25,21,overcast,spring,9.01,7952.3,history
2022/4/15 12:45,5314,0,25,21,overcast,spring,9.01,7952.3,history
2022/4/15 13:00,4815.2,0,25,21,overcast,spring,9.01,7952.3,history
2022/4/15 13:15,4308.3,0,25,21,overcast,spring,9.01,7952.3,history
2022/4/15 13:30,3639.5,0,25,21,overcast,spring,9.01,7952.3,history
2022/4/15 13:45,2787.9,0,25,21,overcast,spring,9.01,7952.3,history
2022/4/15 14:00,1677.1,0,25,21,overcast,spring,9.01,7952.3,history
2022/4/15 14:15,815.4,0,25,21,overcast,spring,9.01,7952.3,history
2022/4/15 14:30,546.4,0,25,21,overcast,spring,9.01,7952.3,history
2022/4/15 14:45,727.8,0,25,21,overcast,spring,9.01,7952.3,history
2022/4/15 15:00,1045.3,0,25,21,overcast,spring,9.01,7952.3,history
2022/4/15 15:15,1382.7,0,25,21,overcast,spring,9.01,7952.3,history
2022/4/15 15:30,1699.9,0,25,21,overcast,spring,9.01,7952.3,history
2022/4/15 15:45,2003.5,0,25,21,overcast,spring,9.01,7952.3,history
2022/4/15 16:00,2076,0,25,21,overcast,spring,9.01,7952.3,history
2022/4/15 16:15,2325,0,25,21,overcast,spring,9.01,7952.3,history
2022/4/15 16:30,2275.9,0,25,21,overcast,spring,9.01,7952.3,history
2022/4/15 16:45,3071.6,0,25,21,overcast,spring,9.01,7952.3,history
2022/4/15 17:00,3551.1,0,25,21,overcast,spring,9.01,7952.3,history
2022/4/15 17:15,4485.9,0,25,21,overcast,spring,9.01,7952.3,history
2022/4/15 17:30,5443.3,0,25,21,overcast,spring,9.01,7952.3,history
2022/4/15 17:45,6187.9,0,25,21,overcast,spring,9.01,7952.3,history
2022/4/15 18:00,6008.4,0,25,21,overcast,spring,9.01,7952.3,history
2022/4/15 18:15,5461.2,0,25,21,overcast,spring,9.01,7952.3,history
2022/4/15 18:30,4497.3,0,25,21,overcast,spring,9.01,7952.3,history
2022/4/15 18:45,3126.5,0,25,21,overcast,spring,9.01,7952.3,history
2022/4/15 19:00,1508.4,0,25,21,overcast,spring,9.01,7952.3,history
2022/4/15 19:15,1317.4,0,25,21,overcast,spring,9.01,7952.3,history
2022/4/15 19:30,1043.3,0,25,21,overcast,spring,9.01,7952.3,history
2022/4/15 19:45,1131.4,0,25,21,overcast,spring,9.01,7952.3,history
2022/4/15 20:00,771.9,0,25,21,overcast,spring,9.01,7952.3,history
2022/4/15 20:15,657.5,0,25,21,overcast,spring,9.01,7952.3,history
2022/4/15 20:30,686.3,0,25,21,overcast,spring,9.01,7952.3,history
2022/4/15 20:45,823.2,0,25,21,overcast,spring,9.01,7952.3,history
2022/4/15 21:00,710.3,0,25,21,overcast,spring,9.01,7952.3,history
2022/4/15 21:15,913.2,0,25,21,overcast,spring,9.01,7952.3,history
2022/4/15 21:30,845.7,0,25,21,overcast,spring,9.01,7952.3,history
2022/4/15 21:45,680.3,0,25,21,overcast,spring,9.01,7952.3,history
2022/4/15 22:00,517.8,0,25,21,overcast,spring,9.01,7952.3,history
2022/4/15 22:15,478.4,0,25,21,overcast,spring,9.01,7952.3,history
2022/4/15 22:30,726.6,0,25,21,overcast,spring,9.01,7952.3,history
2022/4/15 22:45,769.5,0,25,21,overcast,spring,9.01,7952.3,history
2022/4/15 23:00,857.3,0,25,21,overcast,spring,9.01,7952.3,history
2022/4/15 23:15,894.4,0,25,21,overcast,spring,9.01,7952.3,history
2022/4/15 23:30,778.7,0,25,21,overcast,spring,9.01,7952.3,history
2022/4/15 23:45,895.6,0,25,21,overcast,spring,9.01,7952.3,history
2022/4/16 0:00,699.2,0,28,22,overcast,spring,9.01,7952.3,history
2022/4/16 0:15,906.3,0,28,22,overcast,spring,9.01,7952.3,history
2022/4/16 0:30,917.7,0,28,22,overcast,spring,9.01,7952.3,history
2022/4/16 0:45,1099,0,28,22,overcast,spring,9.01,7952.3,history
2022/4/16 1:00,910.2,0,28,22,overcast,spring,9.01,7952.3,history
2022/4/16 1:15,950.5,0,28,22,overcast,spring,9.01,7952.3,history
2022/4/16 1:30,939.5,0,28,22,overcast,spring,9.01,7952.3,history
2022/4/16 1:45,1074.4,0,28,22,overcast,spring,9.01,7952.3,history
2022/4/16 2:00,1100.6,0,28,22,overcast,spring,9.01,7952.3,history
2022/4/16 2:15,1205.5,0,28,22,overcast,spring,9.01,7952.3,history
2022/4/16 2:30,1282.6,0,28,22,overcast,spring,9.01,7952.3,history
2022/4/16 2:45,1390.5,0,28,22,overcast,spring,9.01,7952.3,history
2022/4/16 3:00,1546.7,0,28,22,overcast,spring,9.01,7952.3,history
2022/4/16 3:15,1638.9,0,28,22,overcast,spring,9.01,7952.3,history
2022/4/16 3:30,1843.5,0,28,22,overcast,spring,9.01,7952.3,history
2022/4/16 3:45,1964.7,0,28,22,overcast,spring,9.01,7952.3,history
2022/4/16 4:00,1954.6,0,28,22,overcast,spring,9.01,7952.3,history
2022/4/16 4:15,2124.7,0,28,22,overcast,spring,9.01,7952.3,history
2022/4/16 4:30,2307.3,0,28,22,overcast,spring,9.01,7952.3,history
2022/4/16 4:45,2484.3,0,28,22,overcast,spring,9.01,7952.3,history
2022/4/16 5:00,2924.7,0,28,22,overcast,spring,9.01,7952.3,history
2022/4/16 5:15,3730.4,0,28,22,overcast,spring,9.01,7952.3,history
2022/4/16 5:30,4696.7,0,28,22,overcast,spring,9.01,7952.3,history
2022/4/16 5:45,5000.3,0,28,22,overcast,spring,9.01,7952.3,history
2022/4/16 6:00,5045.6,0,28,22,overcast,spring,9.01,7952.3,history
2022/4/16 6:15,5029.3,0,28,22,overcast,spring,9.01,7952.3,history
2022/4/16 6:30,4443,0,28,22,overcast,spring,9.01,7952.3,history
2022/4/16 6:45,3908.2,0,28,22,overcast,spring,9.01,7952.3,history
2022/4/16 7:00,3081,0,28,22,overcast,spring,9.01,7952.3,history
2022/4/16 7:15,1893.9,0,28,22,overcast,spring,9.01,7952.3,history
2022/4/16 7:30,1404.5,0,28,22,overcast,spring,9.01,7952.3,history
2022/4/16 7:45,1104,0,28,22,overcast,spring,9.01,7952.3,history
2022/4/16 8:00,726.1,0,28,22,overcast,spring,9.01,7952.3,history
2022/4/16 8:15,431.2,0,28,22,overcast,spring,9.01,7952.3,history
2022/4/16 8:30,307.1,0,28,22,overcast,spring,9.01,7952.3,history
2022/4/16 8:45,233,0,28,22,overcast,spring,9.01,7952.3,history
2022/4/16 9:00,205.6,0,28,22,overcast,spring,9.01,7952.3,history
2022/4/16 9:15,328,0,28,22,overcast,spring,9.01,7952.3,history
2022/4/16 9:30,213.4,0,28,22,overcast,spring,9.01,7952.3,history
2022/4/16 9:45,227.3,0,28,22,overcast,spring,9.01,7952.3,history
2022/4/16 10:00,131.2,0,28,22,overcast,spring,9.01,7952.3,history
2022/4/16 10:15,183.9,0,28,22,overcast,spring,9.01,7952.3,history
2022/4/16 10:30,89.8,0,28,22,overcast,spring,9.01,7952.3,history
2022/4/16 10:45,166.7,0,28,22,overcast,spring,9.01,7952.3,history
2022/4/16 11:00,284.5,0,28,22,overcast,spring,9.01,7952.3,history
2022/4/16 11:15,574.9,0,28,22,overcast,spring,9.01,7952.3,history
2022/4/16 11:30,1218,0,28,22,overcast,spring,9.01,7952.3,history
2022/4/16 11:45,2814.9,0,28,22,overcast,spring,9.01,7952.3,history
2022/4/16 12:00,3387.2,0,28,22,overcast,spring,9.01,7952.3,history
2022/4/16 12:15,3398,0,28,22,overcast,spring,9.01,7952.3,history
2022/4/16 12:30,3826.6,0,28,22,overcast,spring,9.01,7952.3,history
2022/4/16 12:45,3438,0,28,22,overcast,spring,9.01,7952.3,history
2022/4/16 13:00,3414.2,0,28,22,overcast,spring,9.01,7952.3,history
2022/4/16 13:15,3231.6,0,28,22,overcast,spring,9.01,7952.3,history
2022/4/16 13:30,2667.2,0,28,22,overcast,spring,9.01,7952.3,history
2022/4/16 13:45,2112.1,0,28,22,overcast,spring,9.01,7952.3,history
2022/4/16 14:00,1440.5,0,28,22,overcast,spring,9.01,7952.3,history
2022/4/16 14:15,988.7,0,28,22,overcast,spring,9.01,7952.3,history
2022/4/16 14:30,894.1,0,28,22,overcast,spring,9.01,7952.3,history
2022/4/16 14:45,842.1,0,28,22,overcast,spring,9.01,7952.3,history
2022/4/16 15:00,1095.1,0,28,22,overcast,spring,9.01,7952.3,history
2022/4/16 15:15,1306.4,0,28,22,overcast,spring,9.01,7952.3,history
2022/4/16 15:30,1664.8,0,28,22,overcast,spring,9.01,7952.3,history
2022/4/16 15:45,1895.3,0,28,22,overcast,spring,9.01,7952.3,history
2022/4/16 16:00,2100,0,28,22,overcast,spring,9.01,7952.3,history
2022/4/16 16:15,2245.1,0,28,22,overcast,spring,9.01,7952.3,history
2022/4/16 16:30,2280.7,0,28,22,overcast,spring,9.01,7952.3,history
2022/4/16 16:45,2950.3,0,28,22,overcast,spring,9.01,7952.3,history
2022/4/16 17:00,4139.5,0,28,22,overcast,spring,9.01,7952.3,history
2022/4/16 17:15,4923.2,0,28,22,overcast,spring,9.01,7952.3,history
2022/4/16 17:30,5383.3,0,28,22,overcast,spring,9.01,7952.3,history
2022/4/16 17:45,5872.4,0,28,22,overcast,spring,9.01,7952.3,history
2022/4/16 18:00,5742.1,0,28,22,overcast,spring,9.01,7952.3,history
2022/4/16 18:15,5431.9,0,28,22,overcast,spring,9.01,7952.3,history
2022/4/16 18:30,4197.5,0,28,22,overcast,spring,9.01,7952.3,history
2022/4/16 18:45,3112,0,28,22,overcast,spring,9.01,7952.3,history
2022/4/16 19:00,2005.1,0,28,22,overcast,spring,9.01,7952.3,history
2022/4/16 19:15,1269.1,0,28,22,overcast,spring,9.01,7952.3,history
2022/4/16 19:30,1083.9,0,28,22,overcast,spring,9.01,7952.3,history
2022/4/16 19:45,938.9,0,28,22,overcast,spring,9.01,7952.3,history
2022/4/16 20:00,670.8,0,28,22,overcast,spring,9.01,7952.3,history
2022/4/16 20:15,738,0,28,22,overcast,spring,9.01,7952.3,history
2022/4/16 20:30,618.6,0,28,22,overcast,spring,9.01,7952.3,history
2022/4/16 20:45,484.3,0,28,22,overcast,spring,9.01,7952.3,history
2022/4/16 21:00,364.4,0,28,22,overcast,spring,9.01,7952.3,history
2022/4/16 21:15,564.8,0,28,22,overcast,spring,9.01,7952.3,history
2022/4/16 21:30,669,0,28,22,overcast,spring,9.01,7952.3,history
2022/4/16 21:45,813.9,0,28,22,overcast,spring,9.01,7952.3,history
2022/4/16 22:00,671.9,0,28,22,overcast,spring,9.01,7952.3,history
2022/4/16 22:15,599.7,0,28,22,overcast,spring,9.01,7952.3,history
2022/4/16 22:30,831.3,0,28,22,overcast,spring,9.01,7952.3,history
2022/4/16 22:45,793.5,0,28,22,overcast,spring,9.01,7952.3,history
2022/4/16 23:00,750.9,0,28,22,overcast,spring,9.01,7952.3,history
2022/4/16 23:15,930.5,0,28,22,overcast,spring,9.01,7952.3,history
2022/4/16 23:30,983.8,0,28,22,overcast,spring,9.01,7952.3,history
2022/4/16 23:45,903.4,0,28,22,overcast,spring,9.01,7952.3,history
2022/4/17 0:00,1031.9,1,27,21,cloudy,spring,9.01,7952.3,history
2022/4/17 0:15,982.5,1,27,21,cloudy,spring,9.01,7952.3,history
2022/4/17 0:30,1115.6,1,27,21,cloudy,spring,9.01,7952.3,history
2022/4/17 0:45,1074.7,1,27,21,cloudy,spring,9.01,7952.3,history
2022/4/17 1:00,1068,1,27,21,cloudy,spring,9.01,7952.3,history
2022/4/17 1:15,1416.7,1,27,21,cloudy,spring,9.01,7952.3,history
2022/4/17 1:30,1606.9,1,27,21,cloudy,spring,9.01,7952.3,history
2022/4/17 1:45,1558.9,1,27,21,cloudy,spring,9.01,7952.3,history
2022/4/17 2:00,1659.1,1,27,21,cloudy,spring,9.01,7952.3,history
2022/4/17 2:15,1493.6,1,27,21,cloudy,spring,9.01,7952.3,history
2022/4/17 2:30,1468.5,1,27,21,cloudy,spring,9.01,7952.3,history
2022/4/17 2:45,1414.9,1,27,21,cloudy,spring,9.01,7952.3,history
2022/4/17 3:00,1442.3,1,27,21,cloudy,spring,9.01,7952.3,history
2022/4/17 3:15,1583.9,1,27,21,cloudy,spring,9.01,7952.3,history
2022/4/17 3:30,1545.7,1,27,21,cloudy,spring,9.01,7952.3,history
2022/4/17 3:45,1532.4,1,27,21,cloudy,spring,9.01,7952.3,history
2022/4/17 4:00,1488.2,1,27,21,cloudy,spring,9.01,7952.3,history
2022/4/17 4:15,1768.8,1,27,21,cloudy,spring,9.01,7952.3,history
2022/4/17 4:30,1990,1,27,21,cloudy,spring,9.01,7952.3,history
2022/4/17 4:45,2152.4,1,27,21,cloudy,spring,9.01,7952.3,history
2022/4/17 5:00,2948.9,1,27,21,cloudy,spring,9.01,7952.3,history
2022/4/17 5:15,3527.5,1,27,21,cloudy,spring,9.01,7952.3,history
2022/4/17 5:30,4586.7,1,27,21,cloudy,spring,9.01,7952.3,history
2022/4/17 5:45,4616.5,1,27,21,cloudy,spring,9.01,7952.3,history
2022/4/17 6:00,3967,1,27,21,cloudy,spring,9.01,7952.3,history
2022/4/17 6:15,3388.5,1,27,21,cloudy,spring,9.01,7952.3,history
2022/4/17 6:30,2533.6,1,27,21,cloudy,spring,9.01,7952.3,history
2022/4/17 6:45,1800.6,1,27,21,cloudy,spring,9.01,7952.3,history
2022/4/17 7:00,1251.4,1,27,21,cloudy,spring,9.01,7952.3,history
2022/4/17 7:15,1197.8,1,27,21,cloudy,spring,9.01,7952.3,history
2022/4/17 7:30,824.5,1,27,21,cloudy,spring,9.01,7952.3,history
2022/4/17 7:45,393.3,1,27,21,cloudy,spring,9.01,7952.3,history
2022/4/17 8:00,195,1,27,21,cloudy,spring,9.01,7952.3,history
2022/4/17 8:15,163.7,1,27,21,cloudy,spring,9.01,7952.3,history
2022/4/17 8:30,183.2,1,27,21,cloudy,spring,9.01,7952.3,history
2022/4/17 8:45,185.7,1,27,21,cloudy,spring,9.01,7952.3,history
2022/4/17 9:00,126.2,1,27,21,cloudy,spring,9.01,7952.3,history
2022/4/17 9:15,112.8,1,27,21,cloudy,spring,9.01,7952.3,history
2022/4/17 9:30,95.5,1,27,21,cloudy,spring,9.01,7952.3,history
2022/4/17 9:45,68.9,1,27,21,cloudy,spring,9.01,7952.3,history
2022/4/17 10:00,243.4,1,27,21,cloudy,spring,9.01,7952.3,history
2022/4/17 10:15,320.4,1,27,21,cloudy,spring,9.01,7952.3,history
2022/4/17 10:30,326,1,27,21,cloudy,spring,9.01,7952.3,history
2022/4/17 10:45,229.2,1,27,21,cloudy,spring,9.01,7952.3,history
2022/4/17 11:00,400.9,1,27,21,cloudy,spring,9.01,7952.3,history
2022/4/17 11:15,950.8,1,27,21,cloudy,spring,9.01,7952.3,history
2022/4/17 11:30,1634,1,27,21,cloudy,spring,9.01,7952.3,history
2022/4/17 11:45,3587,1,27,21,cloudy,spring,9.01,7952.3,history
2022/4/17 12:00,4222.4,1,27,21,cloudy,spring,9.01,7952.3,history
2022/4/17 12:15,4336.5,1,27,21,cloudy,spring,9.01,7952.3,history
2022/4/17 12:30,4506.6,1,27,21,cloudy,spring,9.01,7952.3,history
2022/4/17 12:45,4832.1,1,27,21,cloudy,spring,9.01,7952.3,history
2022/4/17 13:00,4350,1,27,21,cloudy,spring,9.01,7952.3,history
2022/4/17 13:15,4556.6,1,27,21,cloudy,spring,9.01,7952.3,history
2022/4/17 13:30,3887.2,1,27,21,cloudy,spring,9.01,7952.3,history
2022/4/17 13:45,2823.2,1,27,21,cloudy,spring,9.01,7952.3,history
2022/4/17 14:00,1812.8,1,27,21,cloudy,spring,9.01,7952.3,history
2022/4/17 14:15,1187.9,1,27,21,cloudy,spring,9.01,7952.3,history
2022/4/17 14:30,842.5,1,27,21,cloudy,spring,9.01,7952.3,history
2022/4/17 14:45,721.3,1,27,21,cloudy,spring,9.01,7952.3,history
2022/4/17 15:00,875.8,1,27,21,cloudy,spring,9.01,7952.3,history
2022/4/17 15:15,1304.7,1,27,21,cloudy,spring,9.01,7952.3,history
2022/4/17 15:30,1732.5,1,27,21,cloudy,spring,9.01,7952.3,history
2022/4/17 15:45,1866.6,1,27,21,cloudy,spring,9.01,7952.3,history
2022/4/17 16:00,2271.5,1,27,21,cloudy,spring,9.01,7952.3,history
2022/4/17 16:15,2486.4,1,27,21,cloudy,spring,9.01,7952.3,history
2022/4/17 16:30,2642.1,1,27,21,cloudy,spring,9.01,7952.3,history
2022/4/17 16:45,3535.4,1,27,21,cloudy,spring,9.01,7952.3,history
2022/4/17 17:00,4532.9,1,27,21,cloudy,spring,9.01,7952.3,history
2022/4/17 17:15,5796.2,1,27,21,cloudy,spring,9.01,7952.3,history
2022/4/17 17:30,6229.6,1,27,21,cloudy,spring,9.01,7952.3,history
2022/4/17 17:45,6465.1,1,27,21,cloudy,spring,9.01,7952.3,history
2022/4/17 18:00,6146,1,27,21,cloudy,spring,9.01,7952.3,history
2022/4/17 18:15,5922.4,1,27,21,cloudy,spring,9.01,7952.3,history
2022/4/17 18:30,4559.8,1,27,21,cloudy,spring,9.01,7952.3,history
2022/4/17 18:45,2746.4,1,27,21,cloudy,spring,9.01,7952.3,history
2022/4/17 19:00,1639.9,1,27,21,cloudy,spring,9.01,7952.3,history
2022/4/17 19:15,1005.7,1,27,21,cloudy,spring,9.01,7952.3,history
2022/4/17 19:30,719.2,1,27,21,cloudy,spring,9.01,7952.3,history
2022/4/17 19:45,624.8,1,27,21,cloudy,spring,9.01,7952.3,history
2022/4/17 20:00,617.2,1,27,21,cloudy,spring,9.01,7952.3,history
2022/4/17 20:15,610.7,1,27,21,cloudy,spring,9.01,7952.3,history
2022/4/17 20:30,625.7,1,27,21,cloudy,spring,9.01,7952.3,history
2022/4/17 20:45,711.9,1,27,21,cloudy,spring,9.01,7952.3,history
2022/4/17 21:00,721,1,27,21,cloudy,spring,9.01,7952.3,history
2022/4/17 21:15,835.8,1,27,21,cloudy,spring,9.01,7952.3,history
2022/4/17 21:30,775.3,1,27,21,cloudy,spring,9.01,7952.3,history
2022/4/17 21:45,560.5,1,27,21,cloudy,spring,9.01,7952.3,history
2022/4/17 22:00,657.7,1,27,21,cloudy,spring,9.01,7952.3,history
2022/4/17 22:15,914.6,1,27,21,cloudy,spring,9.01,7952.3,history
2022/4/17 22:30,829.3,1,27,21,cloudy,spring,9.01,7952.3,history
2022/4/17 22:45,963.1,1,27,21,cloudy,spring,9.01,7952.3,history
2022/4/17 23:00,907.5,1,27,21,cloudy,spring,9.01,7952.3,history
2022/4/17 23:15,1124.5,1,27,21,cloudy,spring,9.01,7952.3,history
2022/4/17 23:30,1256.1,1,27,21,cloudy,spring,9.01,7952.3,history
2022/4/17 23:45,1419.3,1,27,21,cloudy,spring,9.01,7952.3,history
2022/4/18 0:00,1616.8,1,27,21,cloudy,spring,9.01,7952.3,history
2022/4/18 0:15,1456.6,1,27,21,cloudy,spring,9.01,7952.3,history
2022/4/18 0:30,1650.3,1,27,21,cloudy,spring,9.01,7952.3,history
2022/4/18 0:45,1565.8,1,27,21,cloudy,spring,9.01,7952.3,history
2022/4/18 1:00,1454.5,1,27,21,cloudy,spring,9.01,7952.3,history
2022/4/18 1:15,1499.4,1,27,21,cloudy,spring,9.01,7952.3,history
2022/4/18 1:30,1308.2,1,27,21,cloudy,spring,9.01,7952.3,history
2022/4/18 1:45,1158.4,1,27,21,cloudy,spring,9.01,7952.3,history
2022/4/18 2:00,1275.6,1,27,21,cloudy,spring,9.01,7952.3,history
2022/4/18 2:15,1221,1,27,21,cloudy,spring,9.01,7952.3,history
2022/4/18 2:30,1245,1,27,21,cloudy,spring,9.01,7952.3,history
2022/4/18 2:45,1122.4,1,27,21,cloudy,spring,9.01,7952.3,history
2022/4/18 3:00,1134.8,1,27,21,cloudy,spring,9.01,7952.3,history
2022/4/18 3:15,1279.1,1,27,21,cloudy,spring,9.01,7952.3,history
2022/4/18 3:30,1923.5,1,27,21,cloudy,spring,9.01,7952.3,history
2022/4/18 3:45,2023.3,1,27,21,cloudy,spring,9.01,7952.3,history
2022/4/18 4:00,2242.2,1,27,21,cloudy,spring,9.01,7952.3,history
2022/4/18 4:15,1914.5,1,27,21,cloudy,spring,9.01,7952.3,history
2022/4/18 4:30,2127.7,1,27,21,cloudy,spring,9.01,7952.3,history
2022/4/18 4:45,2316.6,1,27,21,cloudy,spring,9.01,7952.3,history
2022/4/18 5:00,2829.6,1,27,21,cloudy,spring,9.01,7952.3,history
2022/4/18 5:15,3533,1,27,21,cloudy,spring,9.01,7952.3,history
2022/4/18 5:30,4346.3,1,27,21,cloudy,spring,9.01,7952.3,history
2022/4/18 5:45,4486.8,1,27,21,cloudy,spring,9.01,7952.3,history
2022/4/18 6:00,4138.2,1,27,21,cloudy,spring,9.01,7952.3,history
2022/4/18 6:15,3698.7,1,27,21,cloudy,spring,9.01,7952.3,history
2022/4/18 6:30,2857.7,1,27,21,cloudy,spring,9.01,7952.3,history
2022/4/18 6:45,2087.2,1,27,21,cloudy,spring,9.01,7952.3,history
2022/4/18 7:00,1209.9,1,27,21,cloudy,spring,9.01,7952.3,history
2022/4/18 7:15,734.9,1,27,21,cloudy,spring,9.01,7952.3,history
2022/4/18 7:30,732.2,1,27,21,cloudy,spring,9.01,7952.3,history
2022/4/18 7:45,466.3,1,27,21,cloudy,spring,9.01,7952.3,history
2022/4/18 8:00,360.6,1,27,21,cloudy,spring,9.01,7952.3,history
2022/4/18 8:15,252.4,1,27,21,cloudy,spring,9.01,7952.3,history
2022/4/18 8:30,218.6,1,27,21,cloudy,spring,9.01,7952.3,history
2022/4/18 8:45,249.5,1,27,21,cloudy,spring,9.01,7952.3,history
2022/4/18 9:00,221.8,1,27,21,cloudy,spring,9.01,7952.3,history
2022/4/18 9:15,218.7,1,27,21,cloudy,spring,9.01,7952.3,history
2022/4/18 9:30,283.7,1,27,21,cloudy,spring,9.01,7952.3,history
2022/4/18 9:45,253.6,1,27,21,cloudy,spring,9.01,7952.3,history
2022/4/18 10:00,220.5,1,27,21,cloudy,spring,9.01,7952.3,history
2022/4/18 10:15,162.2,1,27,21,cloudy,spring,9.01,7952.3,history
2022/4/18 10:30,190.1,1,27,21,cloudy,spring,9.01,7952.3,history
2022/4/18 10:45,393.4,1,27,21,cloudy,spring,9.01,7952.3,history
2022/4/18 11:00,684.2,1,27,21,cloudy,spring,9.01,7952.3,history
2022/4/18 11:15,766.8,1,27,21,cloudy,spring,9.01,7952.3,history
2022/4/18 11:30,1831.7,1,27,21,cloudy,spring,9.01,7952.3,history
2022/4/18 11:45,3831,1,27,21,cloudy,spring,9.01,7952.3,history
2022/4/18 12:00,5193.9,1,27,21,cloudy,spring,9.01,7952.3,history
2022/4/18 12:15,5589.8,1,27,21,cloudy,spring,9.01,7952.3,history
2022/4/18 12:30,5555.8,1,27,21,cloudy,spring,9.01,7952.3,history
2022/4/18 12:45,5057.7,1,27,21,cloudy,spring,9.01,7952.3,history
2022/4/18 13:00,5167.3,1,27,21,cloudy,spring,9.01,7952.3,history
2022/4/18 13:15,4436.8,1,27,21,cloudy,spring,9.01,7952.3,history
2022/4/18 13:30,3811.4,1,27,21,cloudy,spring,9.01,7952.3,history
2022/4/18 13:45,2378,1,27,21,cloudy,spring,9.01,7952.3,history
2022/4/18 14:00,1300.5,1,27,21,cloudy,spring,9.01,7952.3,history
2022/4/18 14:15,919.5,1,27,21,cloudy,spring,9.01,7952.3,history
2022/4/18 14:30,654.6,1,27,21,cloudy,spring,9.01,7952.3,history
2022/4/18 14:45,735.4,1,27,21,cloudy,spring,9.01,7952.3,history
2022/4/18 15:00,937.2,1,27,21,cloudy,spring,9.01,7952.3,history
2022/4/18 15:15,1542.6,1,27,21,cloudy,spring,9.01,7952.3,history
2022/4/18 15:30,1985.6,1,27,21,cloudy,spring,9.01,7952.3,history
2022/4/18 15:45,2106.2,1,27,21,cloudy,spring,9.01,7952.3,history
2022/4/18 16:00,2413.3,1,27,21,cloudy,spring,9.01,7952.3,history
2022/4/18 16:15,2345.7,1,27,21,cloudy,spring,9.01,7952.3,history
2022/4/18 16:30,2639.9,1,27,21,cloudy,spring,9.01,7952.3,history
2022/4/18 16:45,4148.9,1,27,21,cloudy,spring,9.01,7952.3,history
2022/4/18 17:00,4901.7,1,27,21,cloudy,spring,9.01,7952.3,history
2022/4/18 17:15,6391.2,1,27,21,cloudy,spring,9.01,7952.3,history
2022/4/18 17:30,7318.3,1,27,21,cloudy,spring,9.01,7952.3,history
2022/4/18 17:45,7541.6,1,27,21,cloudy,spring,9.01,7952.3,history
2022/4/18 18:00,6949.5,1,27,21,cloudy,spring,9.01,7952.3,history
2022/4/18 18:15,5790.8,1,27,21,cloudy,spring,9.01,7952.3,history
2022/4/18 18:30,4650,1,27,21,cloudy,spring,9.01,7952.3,history
2022/4/18 18:45,2945.7,1,27,21,cloudy,spring,9.01,7952.3,history
2022/4/18 19:00,1742.3,1,27,21,cloudy,spring,9.01,7952.3,history
2022/4/18 19:15,1178.9,1,27,21,cloudy,spring,9.01,7952.3,history
2022/4/18 19:30,938.5,1,27,21,cloudy,spring,9.01,7952.3,history
2022/4/18 19:45,863.7,1,27,21,cloudy,spring,9.01,7952.3,history
2022/4/18 20:00,783.8,1,27,21,cloudy,spring,9.01,7952.3,history
2022/4/18 20:15,826.8,1,27,21,cloudy,spring,9.01,7952.3,history
2022/4/18 20:30,711.1,1,27,21,cloudy,spring,9.01,7952.3,history
2022/4/18 20:45,709.4,1,27,21,cloudy,spring,9.01,7952.3,history
2022/4/18 21:00,775.9,1,27,21,cloudy,spring,9.01,7952.3,history
2022/4/18 21:15,997.7,1,27,21,cloudy,spring,9.01,7952.3,history
2022/4/18 21:30,907.2,1,27,21,cloudy,spring,9.01,7952.3,history
2022/4/18 21:45,997.2,1,27,21,cloudy,spring,9.01,7952.3,history
2022/4/18 22:00,869.9,1,27,21,cloudy,spring,9.01,7952.3,history
2022/4/18 22:15,751.2,1,27,21,cloudy,spring,9.01,7952.3,history
2022/4/18 22:30,776.6,1,27,21,cloudy,spring,9.01,7952.3,history
2022/4/18 22:45,940.3,1,27,21,cloudy,spring,9.01,7952.3,history
2022/4/18 23:00,1042,1,27,21,cloudy,spring,9.01,7952.3,history
2022/4/18 23:15,1041.8,1,27,21,cloudy,spring,9.01,7952.3,history
2022/4/18 23:30,1142.5,1,27,21,cloudy,spring,9.01,7952.3,history
2022/4/18 23:45,1384.1,1,27,21,cloudy,spring,9.01,7952.3,history
2022/4/19 0:00,1378.8,1,29,22,sunny,spring,9.01,7952.3,history
2022/4/19 0:15,1169.2,1,29,22,sunny,spring,9.01,7952.3,history
2022/4/19 0:30,998.3,1,29,22,sunny,spring,9.01,7952.3,history
2022/4/19 0:45,1017.6,1,29,22,sunny,spring,9.01,7952.3,history
2022/4/19 1:00,1189.1,1,29,22,sunny,spring,9.01,7952.3,history
2022/4/19 1:15,1491,1,29,22,sunny,spring,9.01,7952.3,history
2022/4/19 1:30,1355.8,1,29,22,sunny,spring,9.01,7952.3,history
2022/4/19 1:45,1334.3,1,29,22,sunny,spring,9.01,7952.3,history
2022/4/19 2:00,1398,1,29,22,sunny,spring,9.01,7952.3,history
2022/4/19 2:15,1429.4,1,29,22,sunny,spring,9.01,7952.3,history
2022/4/19 2:30,1314.5,1,29,22,sunny,spring,9.01,7952.3,history
2022/4/19 2:45,1299,1,29,22,sunny,spring,9.01,7952.3,history
2022/4/19 3:00,1384.6,1,29,22,sunny,spring,9.01,7952.3,history
2022/4/19 3:15,1509,1,29,22,sunny,spring,9.01,7952.3,history
2022/4/19 3:30,1713,1,29,22,sunny,spring,9.01,7952.3,history
2022/4/19 3:45,1986.8,1,29,22,sunny,spring,9.01,7952.3,history
2022/4/19 4:00,1955.6,1,29,22,sunny,spring,9.01,7952.3,history
2022/4/19 4:15,2337.7,1,29,22,sunny,spring,9.01,7952.3,history
2022/4/19 4:30,2483.6,1,29,22,sunny,spring,9.01,7952.3,history
2022/4/19 4:45,2878,1,29,22,sunny,spring,9.01,7952.3,history
2022/4/19 5:00,3511,1,29,22,sunny,spring,9.01,7952.3,history
2022/4/19 5:15,4373,1,29,22,sunny,spring,9.01,7952.3,history
2022/4/19 5:30,4523,1,29,22,sunny,spring,9.01,7952.3,history
2022/4/19 5:45,4636.8,1,29,22,sunny,spring,9.01,7952.3,history
2022/4/19 6:00,4643,1,29,22,sunny,spring,9.01,7952.3,history
2022/4/19 6:15,4239.9,1,29,22,sunny,spring,9.01,7952.3,history
2022/4/19 6:30,3055.6,1,29,22,sunny,spring,9.01,7952.3,history
2022/4/19 6:45,2148.3,1,29,22,sunny,spring,9.01,7952.3,history
2022/4/19 7:00,1082.4,1,29,22,sunny,spring,9.01,7952.3,history
2022/4/19 7:15,708.7,1,29,22,sunny,spring,9.01,7952.3,history
2022/4/19 7:30,523.6,1,29,22,sunny,spring,9.01,7952.3,history
2022/4/19 7:45,250.1,1,29,22,sunny,spring,9.01,7952.3,history
2022/4/19 8:00,143.1,1,29,22,sunny,spring,9.01,7952.3,history
2022/4/19 8:15,76.4,1,29,22,sunny,spring,9.01,7952.3,history
2022/4/19 8:30,131.6,1,29,22,sunny,spring,9.01,7952.3,history
2022/4/19 8:45,86.3,1,29,22,sunny,spring,9.01,7952.3,history
2022/4/19 9:00,53.4,1,29,22,sunny,spring,9.01,7952.3,history
2022/4/19 9:15,57.6,1,29,22,sunny,spring,9.01,7952.3,history
2022/4/19 9:30,86.3,1,29,22,sunny,spring,9.01,7952.3,history
2022/4/19 9:45,104.5,1,29,22,sunny,spring,9.01,7952.3,history
2022/4/19 10:00,97.7,1,29,22,sunny,spring,9.01,7952.3,history
2022/4/19 10:15,86.7,1,29,22,sunny,spring,9.01,7952.3,history
2022/4/19 10:30,88.2,1,29,22,sunny,spring,9.01,7952.3,history
2022/4/19 10:45,279.7,1,29,22,sunny,spring,9.01,7952.3,history
2022/4/19 11:00,610.3,1,29,22,sunny,spring,9.01,7952.3,history
2022/4/19 11:15,1094.7,1,29,22,sunny,spring,9.01,7952.3,history
2022/4/19 11:30,2246.7,1,29,22,sunny,spring,9.01,7952.3,history
2022/4/19 11:45,4519.4,1,29,22,sunny,spring,9.01,7952.3,history
2022/4/19 12:00,5403.9,1,29,22,sunny,spring,9.01,7952.3,history
2022/4/19 12:15,5164.1,1,29,22,sunny,spring,9.01,7952.3,history
2022/4/19 12:30,5608.2,1,29,22,sunny,spring,9.01,7952.3,history
2022/4/19 12:45,5304.4,1,29,22,sunny,spring,9.01,7952.3,history
2022/4/19 13:00,4753.1,1,29,22,sunny,spring,9.01,7952.3,history
2022/4/19 13:15,5123.4,1,29,22,sunny,spring,9.01,7952.3,history
2022/4/19 13:30,4576.3,1,29,22,sunny,spring,9.01,7952.3,history
2022/4/19 13:45,3166.4,1,29,22,sunny,spring,9.01,7952.3,history
2022/4/19 14:00,2260.8,1,29,22,sunny,spring,9.01,7952.3,history
2022/4/19 14:15,1050.7,1,29,22,sunny,spring,9.01,7952.3,history
2022/4/19 14:30,695.8,1,29,22,sunny,spring,9.01,7952.3,history
2022/4/19 14:45,895,1,29,22,sunny,spring,9.01,7952.3,history
2022/4/19 15:00,1404.3,1,29,22,sunny,spring,9.01,7952.3,history
2022/4/19 15:15,1793.9,1,29,22,sunny,spring,9.01,7952.3,history
2022/4/19 15:30,1915.3,1,29,22,sunny,spring,9.01,7952.3,history
2022/4/19 15:45,2255.7,1,29,22,sunny,spring,9.01,7952.3,history
2022/4/19 16:00,2063.2,1,29,22,sunny,spring,9.01,7952.3,history
2022/4/19 16:15,2419.6,1,29,22,sunny,spring,9.01,7952.3,history
2022/4/19 16:30,2668.2,1,29,22,sunny,spring,9.01,7952.3,history
2022/4/19 16:45,4273.4,1,29,22,sunny,spring,9.01,7952.3,history
2022/4/19 17:00,5095,1,29,22,sunny,spring,9.01,7952.3,history
2022/4/19 17:15,6127.2,1,29,22,sunny,spring,9.01,7952.3,history
2022/4/19 17:30,6831.6,1,29,22,sunny,spring,9.01,7952.3,history
2022/4/19 17:45,7325.5,1,29,22,sunny,spring,9.01,7952.3,history
2022/4/19 18:00,7578.6,1,29,22,sunny,spring,9.01,7952.3,history
2022/4/19 18:15,6636.2,1,29,22,sunny,spring,9.01,7952.3,history
2022/4/19 18:30,5500.9,1,29,22,sunny,spring,9.01,7952.3,history
2022/4/19 18:45,3657.6,1,29,22,sunny,spring,9.01,7952.3,history
2022/4/19 19:00,2192.7,1,29,22,sunny,spring,9.01,7952.3,history
2022/4/19 19:15,1205,1,29,22,sunny,spring,9.01,7952.3,history
2022/4/19 19:30,928.7,1,29,22,sunny,spring,9.01,7952.3,history
2022/4/19 19:45,827.5,1,29,22,sunny,spring,9.01,7952.3,history
2022/4/19 20:00,888.7,1,29,22,sunny,spring,9.01,7952.3,history
2022/4/19 20:15,822.2,1,29,22,sunny,spring,9.01,7952.3,history
2022/4/19 20:30,810.5,1,29,22,sunny,spring,9.01,7952.3,history
2022/4/19 20:45,691.9,1,29,22,sunny,spring,9.01,7952.3,history
2022/4/19 21:00,666.8,1,29,22,sunny,spring,9.01,7952.3,history
2022/4/19 21:15,893.8,1,29,22,sunny,spring,9.01,7952.3,history
2022/4/19 21:30,1176,1,29,22,sunny,spring,9.01,7952.3,history
2022/4/19 21:45,1168.9,1,29,22,sunny,spring,9.01,7952.3,history
2022/4/19 22:00,981.4,1,29,22,sunny,spring,9.01,7952.3,history
2022/4/19 22:15,921.8,1,29,22,sunny,spring,9.01,7952.3,history
2022/4/19 22:30,666.3,1,29,22,sunny,spring,9.01,7952.3,history
2022/4/19 22:45,530.1,1,29,22,sunny,spring,9.01,7952.3,history
2022/4/19 23:00,563.2,1,29,22,sunny,spring,9.01,7952.3,history
2022/4/19 23:15,736.7,1,29,22,sunny,spring,9.01,7952.3,history
2022/4/19 23:30,979,1,29,22,sunny,spring,9.01,7952.3,history
2022/4/19 23:45,1035.6,1,29,22,sunny,spring,9.01,7952.3,history
2022/4/20 0:00,997.1,1,28,22,sunny,spring,9.01,7952.3,history
2022/4/20 0:15,1339.1,1,28,22,sunny,spring,9.01,7952.3,history
2022/4/20 0:30,1336.7,1,28,22,sunny,spring,9.01,7952.3,history
2022/4/20 0:45,1359.2,1,28,22,sunny,spring,9.01,7952.3,history
2022/4/20 1:00,1215.5,1,28,22,sunny,spring,9.01,7952.3,history
2022/4/20 1:15,1263.7,1,28,22,sunny,spring,9.01,7952.3,history
2022/4/20 1:30,1220.9,1,28,22,sunny,spring,9.01,7952.3,history
2022/4/20 1:45,1234.1,1,28,22,sunny,spring,9.01,7952.3,history
2022/4/20 2:00,1339.7,1,28,22,sunny,spring,9.01,7952.3,history
2022/4/20 2:15,1315.9,1,28,22,sunny,spring,9.01,7952.3,history
2022/4/20 2:30,1344.6,1,28,22,sunny,spring,9.01,7952.3,history
2022/4/20 2:45,1650.5,1,28,22,sunny,spring,9.01,7952.3,history
2022/4/20 3:00,1753.5,1,28,22,sunny,spring,9.01,7952.3,history
2022/4/20 3:15,1711.2,1,28,22,sunny,spring,9.01,7952.3,history
2022/4/20 3:30,1791,1,28,22,sunny,spring,9.01,7952.3,history
2022/4/20 3:45,2050.4,1,28,22,sunny,spring,9.01,7952.3,history
2022/4/20 4:00,2193.6,1,28,22,sunny,spring,9.01,7952.3,history
2022/4/20 4:15,2338.6,1,28,22,sunny,spring,9.01,7952.3,history
2022/4/20 4:30,2279.1,1,28,22,sunny,spring,9.01,7952.3,history
2022/4/20 4:45,2475.9,1,28,22,sunny,spring,9.01,7952.3,history
2022/4/20 5:00,3267.2,1,28,22,sunny,spring,9.01,7952.3,history
2022/4/20 5:15,4183.4,1,28,22,sunny,spring,9.01,7952.3,history
2022/4/20 5:30,4785.6,1,28,22,sunny,spring,9.01,7952.3,history
2022/4/20 5:45,5138.9,1,28,22,sunny,spring,9.01,7952.3,history
2022/4/20 6:00,4919.1,1,28,22,sunny,spring,9.01,7952.3,history
2022/4/20 6:15,4431.1,1,28,22,sunny,spring,9.01,7952.3,history
2022/4/20 6:30,3017.2,1,28,22,sunny,spring,9.01,7952.3,history
2022/4/20 6:45,1995.9,1,28,22,sunny,spring,9.01,7952.3,history
2022/4/20 7:00,1073.6,1,28,22,sunny,spring,9.01,7952.3,history
2022/4/20 7:15,672.5,1,28,22,sunny,spring,9.01,7952.3,history
2022/4/20 7:30,766,1,28,22,sunny,spring,9.01,7952.3,history
2022/4/20 7:45,483.3,1,28,22,sunny,spring,9.01,7952.3,history
2022/4/20 8:00,250.5,1,28,22,sunny,spring,9.01,7952.3,history
2022/4/20 8:15,167.8,1,28,22,sunny,spring,9.01,7952.3,history
2022/4/20 8:30,115.3,1,28,22,sunny,spring,9.01,7952.3,history
2022/4/20 8:45,102.4,1,28,22,sunny,spring,9.01,7952.3,history
2022/4/20 9:00,96.3,1,28,22,sunny,spring,9.01,7952.3,history
2022/4/20 9:15,78.7,1,28,22,sunny,spring,9.01,7952.3,history
2022/4/20 9:30,97.5,1,28,22,sunny,spring,9.01,7952.3,history
2022/4/20 9:45,134.6,1,28,22,sunny,spring,9.01,7952.3,history
2022/4/20 10:00,109.9,1,28,22,sunny,spring,9.01,7952.3,history
2022/4/20 10:15,50.8,1,28,22,sunny,spring,9.01,7952.3,history
2022/4/20 10:30,108.7,1,28,22,sunny,spring,9.01,7952.3,history
2022/4/20 10:45,328.1,1,28,22,sunny,spring,9.01,7952.3,history
2022/4/20 11:00,527.4,1,28,22,sunny,spring,9.01,7952.3,history
2022/4/20 11:15,705.7,1,28,22,sunny,spring,9.01,7952.3,history
2022/4/20 11:30,1387.4,1,28,22,sunny,spring,9.01,7952.3,history
2022/4/20 11:45,3647.2,1,28,22,sunny,spring,9.01,7952.3,history
2022/4/20 12:00,4494.4,1,28,22,sunny,spring,9.01,7952.3,history
2022/4/20 12:15,5207.1,1,28,22,sunny,spring,9.01,7952.3,history
2022/4/20 12:30,5102.1,1,28,22,sunny,spring,9.01,7952.3,history
2022/4/20 12:45,5619.4,1,28,22,sunny,spring,9.01,7952.3,history
2022/4/20 13:00,5683.4,1,28,22,sunny,spring,9.01,7952.3,history
2022/4/20 13:15,4880.9,1,28,22,sunny,spring,9.01,7952.3,history
2022/4/20 13:30,4630.1,1,28,22,sunny,spring,9.01,7952.3,history
2022/4/20 13:45,3065.3,1,28,22,sunny,spring,9.01,7952.3,history
2022/4/20 14:00,1827.4,1,28,22,sunny,spring,9.01,7952.3,history
2022/4/20 14:15,999.4,1,28,22,sunny,spring,9.01,7952.3,history
2022/4/20 14:30,610.5,1,28,22,sunny,spring,9.01,7952.3,history
2022/4/20 14:45,823.9,1,28,22,sunny,spring,9.01,7952.3,history
2022/4/20 15:00,1169.1,1,28,22,sunny,spring,9.01,7952.3,history
2022/4/20 15:15,1971.8,1,28,22,sunny,spring,9.01,7952.3,history
2022/4/20 15:30,2510,1,28,22,sunny,spring,9.01,7952.3,history
2022/4/20 15:45,2820.7,1,28,22,sunny,spring,9.01,7952.3,history
2022/4/20 16:00,2749.4,1,28,22,sunny,spring,9.01,7952.3,history
2022/4/20 16:15,2840.8,1,28,22,sunny,spring,9.01,7952.3,history
2022/4/20 16:30,2959.9,1,28,22,sunny,spring,9.01,7952.3,history
2022/4/20 16:45,4425.4,1,28,22,sunny,spring,9.01,7952.3,history
2022/4/20 17:00,5504.7,1,28,22,sunny,spring,9.01,7952.3,history
2022/4/20 17:15,7256.5,1,28,22,sunny,spring,9.01,7952.3,history
2022/4/20 17:30,7960,1,28,22,sunny,spring,9.01,7952.3,history
2022/4/20 17:45,7799.6,1,28,22,sunny,spring,9.01,7952.3,history
2022/4/20 18:00,7320.6,1,28,22,sunny,spring,9.01,7952.3,history
2022/4/20 18:15,6779.1,1,28,22,sunny,spring,9.01,7952.3,history
2022/4/20 18:30,5180.4,1,28,22,sunny,spring,9.01,7952.3,history
2022/4/20 18:45,3402.9,1,28,22,sunny,spring,9.01,7952.3,history
2022/4/20 19:00,1833.4,1,28,22,sunny,spring,9.01,7952.3,history
2022/4/20 19:15,949.4,1,28,22,sunny,spring,9.01,7952.3,history
2022/4/20 19:30,820,1,28,22,sunny,spring,9.01,7952.3,history
2022/4/20 19:45,838.2,1,28,22,sunny,spring,9.01,7952.3,history
2022/4/20 20:00,899.4,1,28,22,sunny,spring,9.01,7952.3,history
2022/4/20 20:15,713.3,1,28,22,sunny,spring,9.01,7952.3,history
2022/4/20 20:30,858.7,1,28,22,sunny,spring,9.01,7952.3,history
2022/4/20 20:45,974.2,1,28,22,sunny,spring,9.01,7952.3,history
2022/4/20 21:00,1035.5,1,28,22,sunny,spring,9.01,7952.3,history
2022/4/20 21:15,1457.1,1,28,22,sunny,spring,9.01,7952.3,history
2022/4/20 21:30,1460.5,1,28,22,sunny,spring,9.01,7952.3,history
2022/4/20 21:45,1280.2,1,28,22,sunny,spring,9.01,7952.3,history
2022/4/20 22:00,906.6,1,28,22,sunny,spring,9.01,7952.3,history
2022/4/20 22:15,654.5,1,28,22,sunny,spring,9.01,7952.3,history
2022/4/20 22:30,852,1,28,22,sunny,spring,9.01,7952.3,history
2022/4/20 22:45,634.9,1,28,22,sunny,spring,9.01,7952.3,history
2022/4/20 23:00,489.9,1,28,22,sunny,spring,9.01,7952.3,history
2022/4/20 23:15,672.4,1,28,22,sunny,spring,9.01,7952.3,history
2022/4/20 23:30,1244.9,1,28,22,sunny,spring,9.01,7952.3,history
2022/4/20 23:45,1429.9,1,28,22,sunny,spring,9.01,7952.3,history
2022/4/21 0:00,1406,1,31,24,cloudy,spring,9.01,7952.3,history
2022/4/21 0:15,1573.2,1,31,24,cloudy,spring,9.01,7952.3,history
2022/4/21 0:30,1560.7,1,31,24,cloudy,spring,9.01,7952.3,history
2022/4/21 0:45,1605.1,1,31,24,cloudy,spring,9.01,7952.3,history
2022/4/21 1:00,1359.3,1,31,24,cloudy,spring,9.01,7952.3,history
2022/4/21 1:15,1707.8,1,31,24,cloudy,spring,9.01,7952.3,history
2022/4/21 1:30,1507.6,1,31,24,cloudy,spring,9.01,7952.3,history
2022/4/21 1:45,1376.5,1,31,24,cloudy,spring,9.01,7952.3,history
2022/4/21 2:00,1336.9,1,31,24,cloudy,spring,9.01,7952.3,history
2022/4/21 2:15,1316.6,1,31,24,cloudy,spring,9.01,7952.3,history
2022/4/21 2:30,1539,1,31,24,cloudy,spring,9.01,7952.3,history
2022/4/21 2:45,1602.1,1,31,24,cloudy,spring,9.01,7952.3,history
2022/4/21 3:00,1684.7,1,31,24,cloudy,spring,9.01,7952.3,history
2022/4/21 3:15,1746.1,1,31,24,cloudy,spring,9.01,7952.3,history
2022/4/21 3:30,1852,1,31,24,cloudy,spring,9.01,7952.3,history
2022/4/21 3:45,1831.5,1,31,24,cloudy,spring,9.01,7952.3,history
2022/4/21 4:00,2018.8,1,31,24,cloudy,spring,9.01,7952.3,history
2022/4/21 4:15,2048.8,1,31,24,cloudy,spring,9.01,7952.3,history
2022/4/21 4:30,2285.8,1,31,24,cloudy,spring,9.01,7952.3,history
2022/4/21 4:45,2209.6,1,31,24,cloudy,spring,9.01,7952.3,history
2022/4/21 5:00,2821.5,1,31,24,cloudy,spring,9.01,7952.3,history
2022/4/21 5:15,4573.7,1,31,24,cloudy,spring,9.01,7952.3,history
2022/4/21 5:30,4770.2,1,31,24,cloudy,spring,9.01,7952.3,history
2022/4/21 5:45,5139.7,1,31,24,cloudy,spring,9.01,7952.3,history
2022/4/21 6:00,5189.6,1,31,24,cloudy,spring,9.01,7952.3,history
2022/4/21 6:15,4745.2,1,31,24,cloudy,spring,9.01,7952.3,history
2022/4/21 6:30,3498.9,1,31,24,cloudy,spring,9.01,7952.3,history
2022/4/21 6:45,2540,1,31,24,cloudy,spring,9.01,7952.3,history
2022/4/21 7:00,1349.6,1,31,24,cloudy,spring,9.01,7952.3,history
2022/4/21 7:15,715.9,1,31,24,cloudy,spring,9.01,7952.3,history
2022/4/21 7:30,657.2,1,31,24,cloudy,spring,9.01,7952.3,history
2022/4/21 7:45,648.1,1,31,24,cloudy,spring,9.01,7952.3,history
2022/4/21 8:00,424.6,1,31,24,cloudy,spring,9.01,7952.3,history
2022/4/21 8:15,152.5,1,31,24,cloudy,spring,9.01,7952.3,history
2022/4/21 8:30,298,1,31,24,cloudy,spring,9.01,7952.3,history
2022/4/21 8:45,163.5,1,31,24,cloudy,spring,9.01,7952.3,history
2022/4/21 9:00,145.6,1,31,24,cloudy,spring,9.01,7952.3,history
2022/4/21 9:15,89.4,1,31,24,cloudy,spring,9.01,7952.3,history
2022/4/21 9:30,106.4,1,31,24,cloudy,spring,9.01,7952.3,history
2022/4/21 9:45,152.9,1,31,24,cloudy,spring,9.01,7952.3,history
2022/4/21 10:00,94,1,31,24,cloudy,spring,9.01,7952.3,history
2022/4/21 10:15,91.9,1,31,24,cloudy,spring,9.01,7952.3,history
2022/4/21 10:30,157.4,1,31,24,cloudy,spring,9.01,7952.3,history
2022/4/21 10:45,363,1,31,24,cloudy,spring,9.01,7952.3,history
2022/4/21 11:00,709.8,1,31,24,cloudy,spring,9.01,7952.3,history
2022/4/21 11:15,1295.9,1,31,24,cloudy,spring,9.01,7952.3,history
2022/4/21 11:30,2275.3,1,31,24,cloudy,spring,9.01,7952.3,history
2022/4/21 11:45,3666.1,1,31,24,cloudy,spring,9.01,7952.3,history
2022/4/21 12:00,4770.3,1,31,24,cloudy,spring,9.01,7952.3,history
2022/4/21 12:15,5748,1,31,24,cloudy,spring,9.01,7952.3,history
2022/4/21 12:30,6911.2,1,31,24,cloudy,spring,9.01,7952.3,history
2022/4/21 12:45,6697.4,1,31,24,cloudy,spring,9.01,7952.3,history
2022/4/21 13:00,6316,1,31,24,cloudy,spring,9.01,7952.3,history
2022/4/21 13:15,6037,1,31,24,cloudy,spring,9.01,7952.3,history
2022/4/21 13:30,5617.7,1,31,24,cloudy,spring,9.01,7952.3,history
2022/4/21 13:45,4053,1,31,24,cloudy,spring,9.01,7952.3,history
2022/4/21 14:00,2333.2,1,31,24,cloudy,spring,9.01,7952.3,history
2022/4/21 14:15,1158.9,1,31,24,cloudy,spring,9.01,7952.3,history
2022/4/21 14:30,961.2,1,31,24,cloudy,spring,9.01,7952.3,history
2022/4/21 14:45,1277.8,1,31,24,cloudy,spring,9.01,7952.3,history
2022/4/21 15:00,1812.6,1,31,24,cloudy,spring,9.01,7952.3,history
2022/4/21 15:15,2405.4,1,31,24,cloudy,spring,9.01,7952.3,history
2022/4/21 15:30,2810.6,1,31,24,cloudy,spring,9.01,7952.3,history
2022/4/21 15:45,2974,1,31,24,cloudy,spring,9.01,7952.3,history
2022/4/21 16:00,3486.4,1,31,24,cloudy,spring,9.01,7952.3,history
2022/4/21 16:15,3140.4,1,31,24,cloudy,spring,9.01,7952.3,history
2022/4/21 16:30,3158.9,1,31,24,cloudy,spring,9.01,7952.3,history
2022/4/21 16:45,4874.6,1,31,24,cloudy,spring,9.01,7952.3,history
2022/4/21 17:00,5950.2,1,31,24,cloudy,spring,9.01,7952.3,history
2022/4/21 17:15,6867.6,1,31,24,cloudy,spring,9.01,7952.3,history
2022/4/21 17:30,7310.3,1,31,24,cloudy,spring,9.01,7952.3,history
2022/4/21 17:45,7782.3,1,31,24,cloudy,spring,9.01,7952.3,history
2022/4/21 18:00,7428.8,1,31,24,cloudy,spring,9.01,7952.3,history
2022/4/21 18:15,6564.6,1,31,24,cloudy,spring,9.01,7952.3,history
2022/4/21 18:30,5448.2,1,31,24,cloudy,spring,9.01,7952.3,history
2022/4/21 18:45,3619.9,1,31,24,cloudy,spring,9.01,7952.3,history
2022/4/21 19:00,2247.1,1,31,24,cloudy,spring,9.01,7952.3,history
2022/4/21 19:15,1548.3,1,31,24,cloudy,spring,9.01,7952.3,history
2022/4/21 19:30,1088,1,31,24,cloudy,spring,9.01,7952.3,history
2022/4/21 19:45,789.5,1,31,24,cloudy,spring,9.01,7952.3,history
2022/4/21 20:00,794,1,31,24,cloudy,spring,9.01,7952.3,history
2022/4/21 20:15,933.5,1,31,24,cloudy,spring,9.01,7952.3,history
2022/4/21 20:30,1030.9,1,31,24,cloudy,spring,9.01,7952.3,history
2022/4/21 20:45,1057.4,1,31,24,cloudy,spring,9.01,7952.3,history
2022/4/21 21:00,852.9,1,31,24,cloudy,spring,9.01,7952.3,history
2022/4/21 21:15,1079,1,31,24,cloudy,spring,9.01,7952.3,history
2022/4/21 21:30,1193.9,1,31,24,cloudy,spring,9.01,7952.3,history
2022/4/21 21:45,1018.7,1,31,24,cloudy,spring,9.01,7952.3,history
2022/4/21 22:00,1036.7,1,31,24,cloudy,spring,9.01,7952.3,history
2022/4/21 22:15,911.5,1,31,24,cloudy,spring,9.01,7952.3,history
2022/4/21 22:30,827.5,1,31,24,cloudy,spring,9.01,7952.3,history
2022/4/21 22:45,1047.6,1,31,24,cloudy,spring,9.01,7952.3,history
2022/4/21 23:00,1100.5,1,31,24,cloudy,spring,9.01,7952.3,history
2022/4/21 23:15,1205.8,1,31,24,cloudy,spring,9.01,7952.3,history
2022/4/21 23:30,1037.3,1,31,24,cloudy,spring,9.01,7952.3,history
2022/4/21 23:45,1286,1,31,24,cloudy,spring,9.01,7952.3,history
2022/4/22 0:00,1300,0,25,23,sunny,spring,9.01,7952.3,history
2022/4/22 0:15,1519.2,0,25,23,sunny,spring,9.01,7952.3,history
2022/4/22 0:30,1473.8,0,25,23,sunny,spring,9.01,7952.3,history
2022/4/22 0:45,1271.3,0,25,23,sunny,spring,9.01,7952.3,history
2022/4/22 1:00,1222.5,0,25,23,sunny,spring,9.01,7952.3,history
2022/4/22 1:15,1128.4,0,25,23,sunny,spring,9.01,7952.3,history
2022/4/22 1:30,1328.9,0,25,23,sunny,spring,9.01,7952.3,history
2022/4/22 1:45,1651.5,0,25,23,sunny,spring,9.01,7952.3,history
2022/4/22 2:00,1854.2,0,25,23,sunny,spring,9.01,7952.3,history
2022/4/22 2:15,1560.9,0,25,23,sunny,spring,9.01,7952.3,history
2022/4/22 2:30,1573,0,25,23,sunny,spring,9.01,7952.3,history
2022/4/22 2:45,1519.1,0,25,23,sunny,spring,9.01,7952.3,history
2022/4/22 3:00,1391.6,0,25,23,sunny,spring,9.01,7952.3,history
2022/4/22 3:15,1846.2,0,25,23,sunny,spring,9.01,7952.3,history
2022/4/22 3:30,2208,0,25,23,sunny,spring,9.01,7952.3,history
2022/4/22 3:45,2359,0,25,23,sunny,spring,9.01,7952.3,history
2022/4/22 4:00,2682.7,0,25,23,sunny,spring,9.01,7952.3,history
2022/4/22 4:15,3178.4,0,25,23,sunny,spring,9.01,7952.3,history
2022/4/22 4:30,3239.6,0,25,23,sunny,spring,9.01,7952.3,history
2022/4/22 4:45,3412.7,0,25,23,sunny,spring,9.01,7952.3,history
2022/4/22 5:00,4017.9,0,25,23,sunny,spring,9.01,7952.3,history
2022/4/22 5:15,5146.9,0,25,23,sunny,spring,9.01,7952.3,history
2022/4/22 5:30,5700.3,0,25,23,sunny,spring,9.01,7952.3,history
2022/4/22 5:45,5996.7,0,25,23,sunny,spring,9.01,7952.3,history
2022/4/22 6:00,6080.8,0,25,23,sunny,spring,9.01,7952.3,history
2022/4/22 6:15,5917.6,0,25,23,sunny,spring,9.01,7952.3,history
2022/4/22 6:30,5291.5,0,25,23,sunny,spring,9.01,7952.3,history
2022/4/22 6:45,4099.9,0,25,23,sunny,spring,9.01,7952.3,history
2022/4/22 7:00,2696.4,0,25,23,sunny,spring,9.01,7952.3,history
2022/4/22 7:15,1950.3,0,25,23,sunny,spring,9.01,7952.3,history
2022/4/22 7:30,1308.5,0,25,23,sunny,spring,9.01,7952.3,history
2022/4/22 7:45,1118.8,0,25,23,sunny,spring,9.01,7952.3,history
2022/4/22 8:00,992.9,0,25,23,sunny,spring,9.01,7952.3,history
2022/4/22 8:15,620.4,0,25,23,sunny,spring,9.01,7952.3,history
2022/4/22 8:30,610.8,0,25,23,sunny,spring,9.01,7952.3,history
2022/4/22 8:45,432.3,0,25,23,sunny,spring,9.01,7952.3,history
2022/4/22 9:00,297.2,0,25,23,sunny,spring,9.01,7952.3,history
2022/4/22 9:15,130,0,25,23,sunny,spring,9.01,7952.3,history
2022/4/22 9:30,198.3,0,25,23,sunny,spring,9.01,7952.3,history
2022/4/22 9:45,202.4,0,25,23,sunny,spring,9.01,7952.3,history
2022/4/22 10:00,303.5,0,25,23,sunny,spring,9.01,7952.3,history
2022/4/22 10:15,123.2,0,25,23,sunny,spring,9.01,7952.3,history
2022/4/22 10:30,327.5,0,25,23,sunny,spring,9.01,7952.3,history
2022/4/22 10:45,226,0,25,23,sunny,spring,9.01,7952.3,history
2022/4/22 11:00,357.5,0,25,23,sunny,spring,9.01,7952.3,history
2022/4/22 11:15,966.2,0,25,23,sunny,spring,9.01,7952.3,history
2022/4/22 11:30,1658.7,0,25,23,sunny,spring,9.01,7952.3,history
2022/4/22 11:45,2758.3,0,25,23,sunny,spring,9.01,7952.3,history
2022/4/22 12:00,4102.8,0,25,23,sunny,spring,9.01,7952.3,history
2022/4/22 12:15,4149.5,0,25,23,sunny,spring,9.01,7952.3,history
2022/4/22 12:30,3848.1,0,25,23,sunny,spring,9.01,7952.3,history
2022/4/22 12:45,3792.1,0,25,23,sunny,spring,9.01,7952.3,history
2022/4/22 13:00,4336.5,0,25,23,sunny,spring,9.01,7952.3,history
2022/4/22 13:15,4028.7,0,25,23,sunny,spring,9.01,7952.3,history
2022/4/22 13:30,3895.3,0,25,23,sunny,spring,9.01,7952.3,history
2022/4/22 13:45,3089.8,0,25,23,sunny,spring,9.01,7952.3,history
2022/4/22 14:00,2140.6,0,25,23,sunny,spring,9.01,7952.3,history
2022/4/22 14:15,1392.8,0,25,23,sunny,spring,9.01,7952.3,history
2022/4/22 14:30,1031.5,0,25,23,sunny,spring,9.01,7952.3,history
2022/4/22 14:45,1158.4,0,25,23,sunny,spring,9.01,7952.3,history
2022/4/22 15:00,1263,0,25,23,sunny,spring,9.01,7952.3,history
2022/4/22 15:15,1811.2,0,25,23,sunny,spring,9.01,7952.3,history
2022/4/22 15:30,2751.3,0,25,23,sunny,spring,9.01,7952.3,history
2022/4/22 15:45,3019.8,0,25,23,sunny,spring,9.01,7952.3,history
2022/4/22 16:00,3120.9,0,25,23,sunny,spring,9.01,7952.3,history
2022/4/22 16:15,3150.3,0,25,23,sunny,spring,9.01,7952.3,history
2022/4/22 16:30,3360.8,0,25,23,sunny,spring,9.01,7952.3,history
2022/4/22 16:45,4582.5,0,25,23,sunny,spring,9.01,7952.3,history
2022/4/22 17:00,5763.9,0,25,23,sunny,spring,9.01,7952.3,history
2022/4/22 17:15,6911.7,0,25,23,sunny,spring,9.01,7952.3,history
2022/4/22 17:30,7334.3,0,25,23,sunny,spring,9.01,7952.3,history
2022/4/22 17:45,7326.4,0,25,23,sunny,spring,9.01,7952.3,history
2022/4/22 18:00,7751.7,0,25,23,sunny,spring,9.01,7952.3,history
2022/4/22 18:15,7479,0,25,23,sunny,spring,9.01,7952.3,history
2022/4/22 18:30,5966.2,0,25,23,sunny,spring,9.01,7952.3,history
2022/4/22 18:45,3766,0,25,23,sunny,spring,9.01,7952.3,history
2022/4/22 19:00,2206.8,0,25,23,sunny,spring,9.01,7952.3,history
2022/4/22 19:15,1413.1,0,25,23,sunny,spring,9.01,7952.3,history
2022/4/22 19:30,1291.8,0,25,23,sunny,spring,9.01,7952.3,history
2022/4/22 19:45,979.2,0,25,23,sunny,spring,9.01,7952.3,history
2022/4/22 20:00,1215.8,0,25,23,sunny,spring,9.01,7952.3,history
2022/4/22 20:15,1051.3,0,25,23,sunny,spring,9.01,7952.3,history
2022/4/22 20:30,908.2,0,25,23,sunny,spring,9.01,7952.3,history
2022/4/22 20:45,1001.1,0,25,23,sunny,spring,9.01,7952.3,history
2022/4/22 21:00,1076.2,0,25,23,sunny,spring,9.01,7952.3,history
2022/4/22 21:15,1342.6,0,25,23,sunny,spring,9.01,7952.3,history
2022/4/22 21:30,1356.4,0,25,23,sunny,spring,9.01,7952.3,history
2022/4/22 21:45,1143.5,0,25,23,sunny,spring,9.01,7952.3,history
2022/4/22 22:00,1067.8,0,25,23,sunny,spring,9.01,7952.3,history
2022/4/22 22:15,1007.1,0,25,23,sunny,spring,9.01,7952.3,history
2022/4/22 22:30,984.2,0,25,23,sunny,spring,9.01,7952.3,history
2022/4/22 22:45,1063.3,0,25,23,sunny,spring,9.01,7952.3,history
2022/4/22 23:00,987,0,25,23,sunny,spring,9.01,7952.3,history
2022/4/22 23:15,1025.8,0,25,23,sunny,spring,9.01,7952.3,history
2022/4/22 23:30,1226.5,0,25,23,sunny,spring,9.01,7952.3,history
2022/4/22 23:45,1142.8,0,25,23,sunny,spring,9.01,7952.3,history
2022/4/23 0:00,1337.1,1,29,23,overcast,spring,9.01,7952.3,history
2022/4/23 0:15,1427.9,1,29,23,overcast,spring,9.01,7952.3,history
2022/4/23 0:30,1506.8,1,29,23,overcast,spring,9.01,7952.3,history
2022/4/23 0:45,1708.1,1,29,23,overcast,spring,9.01,7952.3,history
2022/4/23 1:00,1583.8,1,29,23,overcast,spring,9.01,7952.3,history
2022/4/23 1:15,1645.7,1,29,23,overcast,spring,9.01,7952.3,history
2022/4/23 1:30,1734.1,1,29,23,overcast,spring,9.01,7952.3,history
2022/4/23 1:45,1651.5,1,29,23,overcast,spring,9.01,7952.3,history
2022/4/23 2:00,1903.1,1,29,23,overcast,spring,9.01,7952.3,history
2022/4/23 2:15,1879.1,1,29,23,overcast,spring,9.01,7952.3,history
2022/4/23 2:30,2056.2,1,29,23,overcast,spring,9.01,7952.3,history
2022/4/23 2:45,2354.2,1,29,23,overcast,spring,9.01,7952.3,history
2022/4/23 3:00,2321.8,1,29,23,overcast,spring,9.01,7952.3,history
2022/4/23 3:15,2505.6,1,29,23,overcast,spring,9.01,7952.3,history
2022/4/23 3:30,2578.9,1,29,23,overcast,spring,9.01,7952.3,history
2022/4/23 3:45,2879.5,1,29,23,overcast,spring,9.01,7952.3,history
2022/4/23 4:00,2865.1,1,29,23,overcast,spring,9.01,7952.3,history
2022/4/23 4:15,3471.8,1,29,23,overcast,spring,9.01,7952.3,history
2022/4/23 4:30,3655.4,1,29,23,overcast,spring,9.01,7952.3,history
2022/4/23 4:45,3328,1,29,23,overcast,spring,9.01,7952.3,history
2022/4/23 5:00,4211.7,1,29,23,overcast,spring,9.01,7952.3,history
2022/4/23 5:15,5062.9,1,29,23,overcast,spring,9.01,7952.3,history
2022/4/23 5:30,4910.6,1,29,23,overcast,spring,9.01,7952.3,history
2022/4/23 5:45,5029.5,1,29,23,overcast,spring,9.01,7952.3,history
2022/4/23 6:00,4973.3,1,29,23,overcast,spring,9.01,7952.3,history
2022/4/23 6:15,3943.1,1,29,23,overcast,spring,9.01,7952.3,history
2022/4/23 6:30,3029,1,29,23,overcast,spring,9.01,7952.3,history
2022/4/23 6:45,2752.8,1,29,23,overcast,spring,9.01,7952.3,history
2022/4/23 7:00,2156.8,1,29,23,overcast,spring,9.01,7952.3,history
2022/4/23 7:15,1441,1,29,23,overcast,spring,9.01,7952.3,history
2022/4/23 7:30,956.9,1,29,23,overcast,spring,9.01,7952.3,history
2022/4/23 7:45,490.5,1,29,23,overcast,spring,9.01,7952.3,history
2022/4/23 8:00,284.3,1,29,23,overcast,spring,9.01,7952.3,history
2022/4/23 8:15,207.1,1,29,23,overcast,spring,9.01,7952.3,history
2022/4/23 8:30,131.5,1,29,23,overcast,spring,9.01,7952.3,history
2022/4/23 8:45,97.4,1,29,23,overcast,spring,9.01,7952.3,history
2022/4/23 9:00,149.3,1,29,23,overcast,spring,9.01,7952.3,history
2022/4/23 9:15,178.1,1,29,23,overcast,spring,9.01,7952.3,history
2022/4/23 9:30,178.8,1,29,23,overcast,spring,9.01,7952.3,history
2022/4/23 9:45,170.9,1,29,23,overcast,spring,9.01,7952.3,history
2022/4/23 10:00,210.2,1,29,23,overcast,spring,9.01,7952.3,history
2022/4/23 10:15,254.9,1,29,23,overcast,spring,9.01,7952.3,history
2022/4/23 10:30,105.7,1,29,23,overcast,spring,9.01,7952.3,history
2022/4/23 10:45,236.7,1,29,23,overcast,spring,9.01,7952.3,history
2022/4/23 11:00,593.7,1,29,23,overcast,spring,9.01,7952.3,history
2022/4/23 11:15,1004.6,1,29,23,overcast,spring,9.01,7952.3,history
2022/4/23 11:30,2155.8,1,29,23,overcast,spring,9.01,7952.3,history
2022/4/23 11:45,3964,1,29,23,overcast,spring,9.01,7952.3,history
2022/4/23 12:00,4882.8,1,29,23,overcast,spring,9.01,7952.3,history
2022/4/23 12:15,5087.3,1,29,23,overcast,spring,9.01,7952.3,history
2022/4/23 12:30,5297.2,1,29,23,overcast,spring,9.01,7952.3,history
2022/4/23 12:45,5143.6,1,29,23,overcast,spring,9.01,7952.3,history
2022/4/23 13:00,5532.6,1,29,23,overcast,spring,9.01,7952.3,history
2022/4/23 13:15,5101.4,1,29,23,overcast,spring,9.01,7952.3,history
2022/4/23 13:30,4639.2,1,29,23,overcast,spring,9.01,7952.3,history
2022/4/23 13:45,3167.7,1,29,23,overcast,spring,9.01,7952.3,history
2022/4/23 14:00,1919.9,1,29,23,overcast,spring,9.01,7952.3,history
2022/4/23 14:15,1023.2,1,29,23,overcast,spring,9.01,7952.3,history
2022/4/23 14:30,843.2,1,29,23,overcast,spring,9.01,7952.3,history
2022/4/23 14:45,1051.3,1,29,23,overcast,spring,9.01,7952.3,history
2022/4/23 15:00,1848.3,1,29,23,overcast,spring,9.01,7952.3,history
2022/4/23 15:15,2610.5,1,29,23,overcast,spring,9.01,7952.3,history
2022/4/23 15:30,2768.3,1,29,23,overcast,spring,9.01,7952.3,history
2022/4/23 15:45,2966.8,1,29,23,overcast,spring,9.01,7952.3,history
2022/4/23 16:00,3162,1,29,23,overcast,spring,9.01,7952.3,history
2022/4/23 16:15,3381.1,1,29,23,overcast,spring,9.01,7952.3,history
2022/4/23 16:30,4098.9,1,29,23,overcast,spring,9.01,7952.3,history
2022/4/23 16:45,5601.2,1,29,23,overcast,spring,9.01,7952.3,history
2022/4/23 17:00,6511.3,1,29,23,overcast,spring,9.01,7952.3,history
2022/4/23 17:15,7868.3,1,29,23,overcast,spring,9.01,7952.3,history
2022/4/23 17:30,9041.9,1,29,23,overcast,spring,9.01,7952.3,history
2022/4/23 17:45,8451.2,1,29,23,overcast,spring,9.01,7952.3,history
2022/4/23 18:00,8047.4,1,29,23,overcast,spring,9.01,7952.3,history
2022/4/23 18:15,6522.6,1,29,23,overcast,spring,9.01,7952.3,history
2022/4/23 18:30,4703.7,1,29,23,overcast,spring,9.01,7952.3,history
2022/4/23 18:45,2484.9,1,29,23,overcast,spring,9.01,7952.3,history
2022/4/23 19:00,1285,1,29,23,overcast,spring,9.01,7952.3,history
2022/4/23 19:15,888.8,1,29,23,overcast,spring,9.01,7952.3,history
2022/4/23 19:30,844.1,1,29,23,overcast,spring,9.01,7952.3,history
2022/4/23 19:45,588.9,1,29,23,overcast,spring,9.01,7952.3,history
2022/4/23 20:00,911,1,29,23,overcast,spring,9.01,7952.3,history
2022/4/23 20:15,887.8,1,29,23,overcast,spring,9.01,7952.3,history
2022/4/23 20:30,1104,1,29,23,overcast,spring,9.01,7952.3,history
2022/4/23 20:45,824.2,1,29,23,overcast,spring,9.01,7952.3,history
2022/4/23 21:00,1200.6,1,29,23,overcast,spring,9.01,7952.3,history
2022/4/23 21:15,1277.4,1,29,23,overcast,spring,9.01,7952.3,history
2022/4/23 21:30,1360.1,1,29,23,overcast,spring,9.01,7952.3,history
2022/4/23 21:45,1029,1,29,23,overcast,spring,9.01,7952.3,history
2022/4/23 22:00,1001.9,1,29,23,overcast,spring,9.01,7952.3,history
2022/4/23 22:15,871.3,1,29,23,overcast,spring,9.01,7952.3,history
2022/4/23 22:30,869.2,1,29,23,overcast,spring,9.01,7952.3,history
2022/4/23 22:45,1056.5,1,29,23,overcast,spring,9.01,7952.3,history
2022/4/23 23:00,1187.6,1,29,23,overcast,spring,9.01,7952.3,history
2022/4/23 23:15,1486.2,1,29,23,overcast,spring,9.01,7952.3,history
2022/4/23 23:30,1713.9,1,29,23,overcast,spring,9.01,7952.3,history
2022/4/23 23:45,1788.6,1,29,23,overcast,spring,9.01,7952.3,history
2022/4/24 0:00,1857.4,1,25,22,overcast,spring,9.01,7952.3,history
2022/4/24 0:15,1876.5,1,25,22,overcast,spring,9.01,7952.3,history
2022/4/24 0:30,1577.8,1,25,22,overcast,spring,9.01,7952.3,history
2022/4/24 0:45,1581.2,1,25,22,overcast,spring,9.01,7952.3,history
2022/4/24 1:00,1245.1,1,25,22,overcast,spring,9.01,7952.3,history
2022/4/24 1:15,1218.7,1,25,22,overcast,spring,9.01,7952.3,history
2022/4/24 1:30,1206.1,1,25,22,overcast,spring,9.01,7952.3,history
2022/4/24 1:45,1089.2,1,25,22,overcast,spring,9.01,7952.3,history
2022/4/24 2:00,1174.8,1,25,22,overcast,spring,9.01,7952.3,history
2022/4/24 2:15,1584.2,1,25,22,overcast,spring,9.01,7952.3,history
2022/4/24 2:30,1708.3,1,25,22,overcast,spring,9.01,7952.3,history
2022/4/24 2:45,1627.1,1,25,22,overcast,spring,9.01,7952.3,history
2022/4/24 3:00,1720.7,1,25,22,overcast,spring,9.01,7952.3,history
2022/4/24 3:15,2063.1,1,25,22,overcast,spring,9.01,7952.3,history
2022/4/24 3:30,2435.8,1,25,22,overcast,spring,9.01,7952.3,history
2022/4/24 3:45,2533.2,1,25,22,overcast,spring,9.01,7952.3,history
2022/4/24 4:00,2742.2,1,25,22,overcast,spring,9.01,7952.3,history
2022/4/24 4:15,2739.8,1,25,22,overcast,spring,9.01,7952.3,history
2022/4/24 4:30,2740.3,1,25,22,overcast,spring,9.01,7952.3,history
2022/4/24 4:45,2791,1,25,22,overcast,spring,9.01,7952.3,history
2022/4/24 5:00,3644.1,1,25,22,overcast,spring,9.01,7952.3,history
2022/4/24 5:15,4329.2,1,25,22,overcast,spring,9.01,7952.3,history
2022/4/24 5:30,4757.5,1,25,22,overcast,spring,9.01,7952.3,history
2022/4/24 5:45,4884,1,25,22,overcast,spring,9.01,7952.3,history
2022/4/24 6:00,4728.1,1,25,22,overcast,spring,9.01,7952.3,history
2022/4/24 6:15,4066.3,1,25,22,overcast,spring,9.01,7952.3,history
2022/4/24 6:30,2957.7,1,25,22,overcast,spring,9.01,7952.3,history
2022/4/24 6:45,1910.6,1,25,22,overcast,spring,9.01,7952.3,history
2022/4/24 7:00,1237.8,1,25,22,overcast,spring,9.01,7952.3,history
2022/4/24 7:15,808,1,25,22,overcast,spring,9.01,7952.3,history
2022/4/24 7:30,755.6,1,25,22,overcast,spring,9.01,7952.3,history
2022/4/24 7:45,443.4,1,25,22,overcast,spring,9.01,7952.3,history
2022/4/24 8:00,398.6,1,25,22,overcast,spring,9.01,7952.3,history
2022/4/24 8:15,265.6,1,25,22,overcast,spring,9.01,7952.3,history
2022/4/24 8:30,190.6,1,25,22,overcast,spring,9.01,7952.3,history
2022/4/24 8:45,89.3,1,25,22,overcast,spring,9.01,7952.3,history
2022/4/24 9:00,148.7,1,25,22,overcast,spring,9.01,7952.3,history
2022/4/24 9:15,151.8,1,25,22,overcast,spring,9.01,7952.3,history
2022/4/24 9:30,167.7,1,25,22,overcast,spring,9.01,7952.3,history
2022/4/24 9:45,124.8,1,25,22,overcast,spring,9.01,7952.3,history
2022/4/24 10:00,99.5,1,25,22,overcast,spring,9.01,7952.3,history
2022/4/24 10:15,116.3,1,25,22,overcast,spring,9.01,7952.3,history
2022/4/24 10:30,317.2,1,25,22,overcast,spring,9.01,7952.3,history
2022/4/24 10:45,413.1,1,25,22,overcast,spring,9.01,7952.3,history
2022/4/24 11:00,591.7,1,25,22,overcast,spring,9.01,7952.3,history
2022/4/24 11:15,1134.4,1,25,22,overcast,spring,9.01,7952.3,history
2022/4/24 11:30,1842.3,1,25,22,overcast,spring,9.01,7952.3,history
2022/4/24 11:45,4424.6,1,25,22,overcast,spring,9.01,7952.3,history
2022/4/24 12:00,5330.9,1,25,22,overcast,spring,9.01,7952.3,history
2022/4/24 12:15,5440.7,1,25,22,overcast,spring,9.01,7952.3,history
2022/4/24 12:30,6241.7,1,25,22,overcast,spring,9.01,7952.3,history
2022/4/24 12:45,6084.3,1,25,22,overcast,spring,9.01,7952.3,history
2022/4/24 13:00,6045.8,1,25,22,overcast,spring,9.01,7952.3,history
2022/4/24 13:15,5598.6,1,25,22,overcast,spring,9.01,7952.3,history
2022/4/24 13:30,4696.3,1,25,22,overcast,spring,9.01,7952.3,history
2022/4/24 13:45,3707.9,1,25,22,overcast,spring,9.01,7952.3,history
2022/4/24 14:00,2175.6,1,25,22,overcast,spring,9.01,7952.3,history
2022/4/24 14:15,1332.5,1,25,22,overcast,spring,9.01,7952.3,history
2022/4/24 14:30,946.8,1,25,22,overcast,spring,9.01,7952.3,history
2022/4/24 14:45,1267.7,1,25,22,overcast,spring,9.01,7952.3,history
2022/4/24 15:00,1845.2,1,25,22,overcast,spring,9.01,7952.3,history
2022/4/24 15:15,2626.1,1,25,22,overcast,spring,9.01,7952.3,history
2022/4/24 15:30,3019.5,1,25,22,overcast,spring,9.01,7952.3,history
2022/4/24 15:45,3466.1,1,25,22,overcast,spring,9.01,7952.3,history
2022/4/24 16:00,3359.5,1,25,22,overcast,spring,9.01,7952.3,history
2022/4/24 16:15,3123.7,1,25,22,overcast,spring,9.01,7952.3,history
2022/4/24 16:30,3882.5,1,25,22,overcast,spring,9.01,7952.3,history
2022/4/24 16:45,5164.5,1,25,22,overcast,spring,9.01,7952.3,history
2022/4/24 17:00,6559.4,1,25,22,overcast,spring,9.01,7952.3,history
2022/4/24 17:15,8400,1,25,22,overcast,spring,9.01,7952.3,history
2022/4/24 17:30,8676.3,1,25,22,overcast,spring,9.01,7952.3,history
2022/4/24 17:45,8771.4,1,25,22,overcast,spring,9.01,7952.3,history
2022/4/24 18:00,8730.3,1,25,22,overcast,spring,9.01,7952.3,history
2022/4/24 18:15,7756.3,1,25,22,overcast,spring,9.01,7952.3,history
2022/4/24 18:30,5346.6,1,25,22,overcast,spring,9.01,7952.3,history
2022/4/24 18:45,3177.8,1,25,22,overcast,spring,9.01,7952.3,history
2022/4/24 19:00,2005.7,1,25,22,overcast,spring,9.01,7952.3,history
2022/4/24 19:15,1097.2,1,25,22,overcast,spring,9.01,7952.3,history
2022/4/24 19:30,907.1,1,25,22,overcast,spring,9.01,7952.3,history
2022/4/24 19:45,1010.2,1,25,22,overcast,spring,9.01,7952.3,history
2022/4/24 20:00,1034,1,25,22,overcast,spring,9.01,7952.3,history
2022/4/24 20:15,1081.2,1,25,22,overcast,spring,9.01,7952.3,history
2022/4/24 20:30,911.8,1,25,22,overcast,spring,9.01,7952.3,history
2022/4/24 20:45,900,1,25,22,overcast,spring,9.01,7952.3,history
2022/4/24 21:00,782,1,25,22,overcast,spring,9.01,7952.3,history
2022/4/24 21:15,1189.1,1,25,22,overcast,spring,9.01,7952.3,history
2022/4/24 21:30,1315.4,1,25,22,overcast,spring,9.01,7952.3,history
2022/4/24 21:45,1226.9,1,25,22,overcast,spring,9.01,7952.3,history
2022/4/24 22:00,947,1,25,22,overcast,spring,9.01,7952.3,history
2022/4/24 22:15,802.6,1,25,22,overcast,spring,9.01,7952.3,history
2022/4/24 22:30,1042,1,25,22,overcast,spring,9.01,7952.3,history
2022/4/24 22:45,988.8,1,25,22,overcast,spring,9.01,7952.3,history
2022/4/24 23:00,1072.3,1,25,22,overcast,spring,9.01,7952.3,history
2022/4/24 23:15,1718.1,1,25,22,overcast,spring,9.01,7952.3,history
2022/4/24 23:30,1777,1,25,22,overcast,spring,9.01,7952.3,history
2022/4/24 23:45,2054.5,1,25,22,overcast,spring,9.01,7952.3,history
2022/4/25 0:00,2006.4,1,25,21,overcast,spring,9.01,7952.3,history
2022/4/25 0:15,1870.9,1,25,21,overcast,spring,9.01,7952.3,history
2022/4/25 0:30,2360.5,1,25,21,overcast,spring,9.01,7952.3,history
2022/4/25 0:45,2155.7,1,25,21,overcast,spring,9.01,7952.3,history
2022/4/25 1:00,1817.9,1,25,21,overcast,spring,9.01,7952.3,history
2022/4/25 1:15,1805.7,1,25,21,overcast,spring,9.01,7952.3,history
2022/4/25 1:30,2190.7,1,25,21,overcast,spring,9.01,7952.3,history
2022/4/25 1:45,2385.8,1,25,21,overcast,spring,9.01,7952.3,history
2022/4/25 2:00,3220.4,1,25,21,overcast,spring,9.01,7952.3,history
2022/4/25 2:15,3104.8,1,25,21,overcast,spring,9.01,7952.3,history
2022/4/25 2:30,3009.6,1,25,21,overcast,spring,9.01,7952.3,history
2022/4/25 2:45,3039,1,25,21,overcast,spring,9.01,7952.3,history
2022/4/25 3:00,3067.2,1,25,21,overcast,spring,9.01,7952.3,history
2022/4/25 3:15,2918.2,1,25,21,overcast,spring,9.01,7952.3,history
2022/4/25 3:30,2886.1,1,25,21,overcast,spring,9.01,7952.3,history
2022/4/25 3:45,2921.3,1,25,21,overcast,spring,9.01,7952.3,history
2022/4/25 4:00,3102.7,1,25,21,overcast,spring,9.01,7952.3,history
2022/4/25 4:15,3134.5,1,25,21,overcast,spring,9.01,7952.3,history
2022/4/25 4:30,3156.1,1,25,21,overcast,spring,9.01,7952.3,history
2022/4/25 4:45,3949.4,1,25,21,overcast,spring,9.01,7952.3,history
2022/4/25 5:00,4868.5,1,25,21,overcast,spring,9.01,7952.3,history
2022/4/25 5:15,5360.9,1,25,21,overcast,spring,9.01,7952.3,history
2022/4/25 5:30,5023.9,1,25,21,overcast,spring,9.01,7952.3,history
2022/4/25 5:45,4733.2,1,25,21,overcast,spring,9.01,7952.3,history
2022/4/25 6:00,4434.9,1,25,21,overcast,spring,9.01,7952.3,history
2022/4/25 6:15,3798.5,1,25,21,overcast,spring,9.01,7952.3,history
2022/4/25 6:30,3400.8,1,25,21,overcast,spring,9.01,7952.3,history
2022/4/25 6:45,2507.6,1,25,21,overcast,spring,9.01,7952.3,history
2022/4/25 7:00,1885,1,25,21,overcast,spring,9.01,7952.3,history
2022/4/25 7:15,1081.5,1,25,21,overcast,spring,9.01,7952.3,history
2022/4/25 7:30,484.5,1,25,21,overcast,spring,9.01,7952.3,history
2022/4/25 7:45,456.3,1,25,21,overcast,spring,9.01,7952.3,history
2022/4/25 8:00,235.8,1,25,21,overcast,spring,9.01,7952.3,history
2022/4/25 8:15,156.6,1,25,21,overcast,spring,9.01,7952.3,history
2022/4/25 8:30,251.6,1,25,21,overcast,spring,9.01,7952.3,history
2022/4/25 8:45,202.6,1,25,21,overcast,spring,9.01,7952.3,history
2022/4/25 9:00,24.9,1,25,21,overcast,spring,9.01,7952.3,history
2022/4/25 9:15,118.3,1,25,21,overcast,spring,9.01,7952.3,history
2022/4/25 9:30,173.9,1,25,21,overcast,spring,9.01,7952.3,history
2022/4/25 9:45,104.2,1,25,21,overcast,spring,9.01,7952.3,history
2022/4/25 10:00,146.7,1,25,21,overcast,spring,9.01,7952.3,history
2022/4/25 10:15,200.7,1,25,21,overcast,spring,9.01,7952.3,history
2022/4/25 10:30,177.1,1,25,21,overcast,spring,9.01,7952.3,history
2022/4/25 10:45,250,1,25,21,overcast,spring,9.01,7952.3,history
2022/4/25 11:00,438.3,1,25,21,overcast,spring,9.01,7952.3,history
2022/4/25 11:15,667.3,1,25,21,overcast,spring,9.01,7952.3,history
2022/4/25 11:30,928.6,1,25,21,overcast,spring,9.01,7952.3,history
2022/4/25 11:45,2884.9,1,25,21,overcast,spring,9.01,7952.3,history
2022/4/25 12:00,4088.5,1,25,21,overcast,spring,9.01,7952.3,history
2022/4/25 12:15,4584.7,1,25,21,overcast,spring,9.01,7952.3,history
2022/4/25 12:30,5186.8,1,25,21,overcast,spring,9.01,7952.3,history
2022/4/25 12:45,5450.1,1,25,21,overcast,spring,9.01,7952.3,history
2022/4/25 13:00,5974.8,1,25,21,overcast,spring,9.01,7952.3,history
2022/4/25 13:15,6392.1,1,25,21,overcast,spring,9.01,7952.3,history
2022/4/25 13:30,6030.7,1,25,21,overcast,spring,9.01,7952.3,history
2022/4/25 13:45,5067.5,1,25,21,overcast,spring,9.01,7952.3,history
2022/4/25 14:00,3394,1,25,21,overcast,spring,9.01,7952.3,history
2022/4/25 14:15,1645.9,1,25,21,overcast,spring,9.01,7952.3,history
2022/4/25 14:30,933.4,1,25,21,overcast,spring,9.01,7952.3,history
2022/4/25 14:45,1118.9,1,25,21,overcast,spring,9.01,7952.3,history
2022/4/25 15:00,1323.9,1,25,21,overcast,spring,9.01,7952.3,history
2022/4/25 15:15,2178.2,1,25,21,overcast,spring,9.01,7952.3,history
2022/4/25 15:30,2821.8,1,25,21,overcast,spring,9.01,7952.3,history
2022/4/25 15:45,3124.5,1,25,21,overcast,spring,9.01,7952.3,history
2022/4/25 16:00,2818.1,1,25,21,overcast,spring,9.01,7952.3,history
2022/4/25 16:15,2893.6,1,25,21,overcast,spring,9.01,7952.3,history
2022/4/25 16:30,3159.1,1,25,21,overcast,spring,9.01,7952.3,history
2022/4/25 16:45,5333.7,1,25,21,overcast,spring,9.01,7952.3,history
2022/4/25 17:00,6703.2,1,25,21,overcast,spring,9.01,7952.3,history
2022/4/25 17:15,7903.5,1,25,21,overcast,spring,9.01,7952.3,history
2022/4/25 17:30,8493.9,1,25,21,overcast,spring,9.01,7952.3,history
2022/4/25 17:45,8734.3,1,25,21,overcast,spring,9.01,7952.3,history
2022/4/25 18:00,8319.9,1,25,21,overcast,spring,9.01,7952.3,history
2022/4/25 18:15,6813,1,25,21,overcast,spring,9.01,7952.3,history
2022/4/25 18:30,4980.6,1,25,21,overcast,spring,9.01,7952.3,history
2022/4/25 18:45,3045.5,1,25,21,overcast,spring,9.01,7952.3,history
2022/4/25 19:00,2095.8,1,25,21,overcast,spring,9.01,7952.3,history
2022/4/25 19:15,1237.8,1,25,21,overcast,spring,9.01,7952.3,history
2022/4/25 19:30,774.3,1,25,21,overcast,spring,9.01,7952.3,history
2022/4/25 19:45,851.1,1,25,21,overcast,spring,9.01,7952.3,history
2022/4/25 20:00,844.2,1,25,21,overcast,spring,9.01,7952.3,history
2022/4/25 20:15,896.2,1,25,21,overcast,spring,9.01,7952.3,history
2022/4/25 20:30,745.1,1,25,21,overcast,spring,9.01,7952.3,history
2022/4/25 20:45,767,1,25,21,overcast,spring,9.01,7952.3,history
2022/4/25 21:00,761.7,1,25,21,overcast,spring,9.01,7952.3,history
2022/4/25 21:15,936.4,1,25,21,overcast,spring,9.01,7952.3,history
2022/4/25 21:30,1132.8,1,25,21,overcast,spring,9.01,7952.3,history
2022/4/25 21:45,905.4,1,25,21,overcast,spring,9.01,7952.3,history
2022/4/25 22:00,689.9,1,25,21,overcast,spring,9.01,7952.3,history
2022/4/25 22:15,872.1,1,25,21,overcast,spring,9.01,7952.3,history
2022/4/25 22:30,849.2,1,25,21,overcast,spring,9.01,7952.3,history
2022/4/25 22:45,927.4,1,25,21,overcast,spring,9.01,7952.3,history
2022/4/25 23:00,816.5,1,25,21,overcast,spring,9.01,7952.3,history
2022/4/25 23:15,1384.7,1,25,21,overcast,spring,9.01,7952.3,history
2022/4/25 23:30,1780.7,1,25,21,overcast,spring,9.01,7952.3,history
2022/4/25 23:45,1837.8,1,25,21,overcast,spring,9.01,7952.3,history
2022/4/26 0:00,1838.2,1,28,21,overcast,spring,9.01,7952.3,history
2022/4/26 0:15,2173.2,1,28,21,overcast,spring,9.01,7952.3,history
2022/4/26 0:30,2285,1,28,21,overcast,spring,9.01,7952.3,history
2022/4/26 0:45,2415.8,1,28,21,overcast,spring,9.01,7952.3,history
2022/4/26 1:00,2779.7,1,28,21,overcast,spring,9.01,7952.3,history
2022/4/26 1:15,2546.5,1,28,21,overcast,spring,9.01,7952.3,history
2022/4/26 1:30,2687.2,1,28,21,overcast,spring,9.01,7952.3,history
2022/4/26 1:45,2684.7,1,28,21,overcast,spring,9.01,7952.3,history
2022/4/26 2:00,2848.3,1,28,21,overcast,spring,9.01,7952.3,history
2022/4/26 2:15,2873.2,1,28,21,overcast,spring,9.01,7952.3,history
2022/4/26 2:30,3095.7,1,28,21,overcast,spring,9.01,7952.3,history
2022/4/26 2:45,3222.4,1,28,21,overcast,spring,9.01,7952.3,history
2022/4/26 3:00,3557.5,1,28,21,overcast,spring,9.01,7952.3,history
2022/4/26 3:15,3984.9,1,28,21,overcast,spring,9.01,7952.3,history
2022/4/26 3:30,3962.7,1,28,21,overcast,spring,9.01,7952.3,history
2022/4/26 3:45,3775.7,1,28,21,overcast,spring,9.01,7952.3,history
2022/4/26 4:00,3441.4,1,28,21,overcast,spring,9.01,7952.3,history
2022/4/26 4:15,3801.2,1,28,21,overcast,spring,9.01,7952.3,history
2022/4/26 4:30,4426.8,1,28,21,overcast,spring,9.01,7952.3,history
2022/4/26 4:45,4763.9,1,28,21,overcast,spring,9.01,7952.3,history
2022/4/26 5:00,4853.5,1,28,21,overcast,spring,9.01,7952.3,history
2022/4/26 5:15,4808.4,1,28,21,overcast,spring,9.01,7952.3,history
2022/4/26 5:30,4035.9,1,28,21,overcast,spring,9.01,7952.3,history
2022/4/26 5:45,3923.4,1,28,21,overcast,spring,9.01,7952.3,history
2022/4/26 6:00,4157.9,1,28,21,overcast,spring,9.01,7952.3,history
2022/4/26 6:15,3753.5,1,28,21,overcast,spring,9.01,7952.3,history
2022/4/26 6:30,3658.6,1,28,21,overcast,spring,9.01,7952.3,history
2022/4/26 6:45,2767.6,1,28,21,overcast,spring,9.01,7952.3,history
2022/4/26 7:00,1790.9,1,28,21,overcast,spring,9.01,7952.3,history
2022/4/26 7:15,1109.3,1,28,21,overcast,spring,9.01,7952.3,history
2022/4/26 7:30,722.5,1,28,21,overcast,spring,9.01,7952.3,history
2022/4/26 7:45,607,1,28,21,overcast,spring,9.01,7952.3,history
2022/4/26 8:00,403,1,28,21,overcast,spring,9.01,7952.3,history
2022/4/26 8:15,226.2,1,28,21,overcast,spring,9.01,7952.3,history
2022/4/26 8:30,177.1,1,28,21,overcast,spring,9.01,7952.3,history
2022/4/26 8:45,134.7,1,28,21,overcast,spring,9.01,7952.3,history
2022/4/26 9:00,235.5,1,28,21,overcast,spring,9.01,7952.3,history
2022/4/26 9:15,277.6,1,28,21,overcast,spring,9.01,7952.3,history
2022/4/26 9:30,233.2,1,28,21,overcast,spring,9.01,7952.3,history
2022/4/26 9:45,285.7,1,28,21,overcast,spring,9.01,7952.3,history
2022/4/26 10:00,205.6,1,28,21,overcast,spring,9.01,7952.3,history
2022/4/26 10:15,191.6,1,28,21,overcast,spring,9.01,7952.3,history
2022/4/26 10:30,192.4,1,28,21,overcast,spring,9.01,7952.3,history
2022/4/26 10:45,480.9,1,28,21,overcast,spring,9.01,7952.3,history
2022/4/26 11:00,731.6,1,28,21,overcast,spring,9.01,7952.3,history
2022/4/26 11:15,1147.9,1,28,21,overcast,spring,9.01,7952.3,history
2022/4/26 11:30,1665.7,1,28,21,overcast,spring,9.01,7952.3,history
2022/4/26 11:45,4320.3,1,28,21,overcast,spring,9.01,7952.3,history
2022/4/26 12:00,5492.8,1,28,21,overcast,spring,9.01,7952.3,history
2022/4/26 12:15,7112,1,28,21,overcast,spring,9.01,7952.3,history
2022/4/26 12:30,6967.1,1,28,21,overcast,spring,9.01,7952.3,history
2022/4/26 12:45,6808.7,1,28,21,overcast,spring,9.01,7952.3,history
2022/4/26 13:00,6293.2,1,28,21,overcast,spring,9.01,7952.3,history
2022/4/26 13:15,5586.4,1,28,21,overcast,spring,9.01,7952.3,history
2022/4/26 13:30,4130,1,28,21,overcast,spring,9.01,7952.3,history
2022/4/26 13:45,3281.3,1,28,21,overcast,spring,9.01,7952.3,history
2022/4/26 14:00,2231.8,1,28,21,overcast,spring,9.01,7952.3,history
2022/4/26 14:15,1334.3,1,28,21,overcast,spring,9.01,7952.3,history
2022/4/26 14:30,909.8,1,28,21,overcast,spring,9.01,7952.3,history
2022/4/26 14:45,698.3,1,28,21,overcast,spring,9.01,7952.3,history
2022/4/26 15:00,1094.2,1,28,21,overcast,spring,9.01,7952.3,history
2022/4/26 15:15,1623.9,1,28,21,overcast,spring,9.01,7952.3,history
2022/4/26 15:30,2237.5,1,28,21,overcast,spring,9.01,7952.3,history
2022/4/26 15:45,2607.8,1,28,21,overcast,spring,9.01,7952.3,history
2022/4/26 16:00,2791.9,1,28,21,overcast,spring,9.01,7952.3,history
2022/4/26 16:15,3255.7,1,28,21,overcast,spring,9.01,7952.3,history
2022/4/26 16:30,3400.2,1,28,21,overcast,spring,9.01,7952.3,history
2022/4/26 16:45,4860.9,1,28,21,overcast,spring,9.01,7952.3,history
2022/4/26 17:00,5824.2,1,28,21,overcast,spring,9.01,7952.3,history
2022/4/26 17:15,6989.3,1,28,21,overcast,spring,9.01,7952.3,history
2022/4/26 17:30,7184.8,1,28,21,overcast,spring,9.01,7952.3,history
2022/4/26 17:45,7238.8,1,28,21,overcast,spring,9.01,7952.3,history
2022/4/26 18:00,6576.4,1,28,21,overcast,spring,9.01,7952.3,history
2022/4/26 18:15,6225,1,28,21,overcast,spring,9.01,7952.3,history
2022/4/26 18:30,4906.2,1,28,21,overcast,spring,9.01,7952.3,history
2022/4/26 18:45,3247,1,28,21,overcast,spring,9.01,7952.3,history
2022/4/26 19:00,2025.7,1,28,21,overcast,spring,9.01,7952.3,history
2022/4/26 19:15,1186.4,1,28,21,overcast,spring,9.01,7952.3,history
2022/4/26 19:30,832.7,1,28,21,overcast,spring,9.01,7952.3,history
2022/4/26 19:45,785.3,1,28,21,overcast,spring,9.01,7952.3,history
2022/4/26 20:00,655.4,1,28,21,overcast,spring,9.01,7952.3,history
2022/4/26 20:15,640.4,1,28,21,overcast,spring,9.01,7952.3,history
2022/4/26 20:30,747.7,1,28,21,overcast,spring,9.01,7952.3,history
2022/4/26 20:45,635.9,1,28,21,overcast,spring,9.01,7952.3,history
2022/4/26 21:00,741.3,1,28,21,overcast,spring,9.01,7952.3,history
2022/4/26 21:15,839.7,1,28,21,overcast,spring,9.01,7952.3,history
2022/4/26 21:30,1208.4,1,28,21,overcast,spring,9.01,7952.3,history
2022/4/26 21:45,938.9,1,28,21,overcast,spring,9.01,7952.3,history
2022/4/26 22:00,934,1,28,21,overcast,spring,9.01,7952.3,history
2022/4/26 22:15,1048.8,1,28,21,overcast,spring,9.01,7952.3,history
2022/4/26 22:30,721.5,1,28,21,overcast,spring,9.01,7952.3,history
2022/4/26 22:45,812.4,1,28,21,overcast,spring,9.01,7952.3,history
2022/4/26 23:00,1307.8,1,28,21,overcast,spring,9.01,7952.3,history
2022/4/26 23:15,1435.5,1,28,21,overcast,spring,9.01,7952.3,history
2022/4/26 23:30,1596.4,1,28,21,overcast,spring,9.01,7952.3,history
2022/4/26 23:45,2017.4,1,28,21,overcast,spring,9.01,7952.3,history
2022/4/27 0:00,1908.2,1,23,21,cloudy,spring,9.01,7952.3,history
2022/4/27 0:15,2205.4,1,23,21,cloudy,spring,9.01,7952.3,history
2022/4/27 0:30,2523,1,23,21,cloudy,spring,9.01,7952.3,history
2022/4/27 0:45,2676.2,1,23,21,cloudy,spring,9.01,7952.3,history
2022/4/27 1:00,2709.2,1,23,21,cloudy,spring,9.01,7952.3,history
2022/4/27 1:15,2443.9,1,23,21,cloudy,spring,9.01,7952.3,history
2022/4/27 1:30,2157.6,1,23,21,cloudy,spring,9.01,7952.3,history
2022/4/27 1:45,2390.5,1,23,21,cloudy,spring,9.01,7952.3,history
2022/4/27 2:00,2597.1,1,23,21,cloudy,spring,9.01,7952.3,history
2022/4/27 2:15,3014,1,23,21,cloudy,spring,9.01,7952.3,history
2022/4/27 2:30,3195.3,1,23,21,cloudy,spring,9.01,7952.3,history
2022/4/27 2:45,3550.2,1,23,21,cloudy,spring,9.01,7952.3,history
2022/4/27 3:00,3652.1,1,23,21,cloudy,spring,9.01,7952.3,history
2022/4/27 3:15,3711.8,1,23,21,cloudy,spring,9.01,7952.3,history
2022/4/27 3:30,3818.6,1,23,21,cloudy,spring,9.01,7952.3,history
2022/4/27 3:45,3949.1,1,23,21,cloudy,spring,9.01,7952.3,history
2022/4/27 4:00,3528.6,1,23,21,cloudy,spring,9.01,7952.3,history
2022/4/27 4:15,3717.1,1,23,21,cloudy,spring,9.01,7952.3,history
2022/4/27 4:30,3571.7,1,23,21,cloudy,spring,9.01,7952.3,history
2022/4/27 4:45,3855.9,1,23,21,cloudy,spring,9.01,7952.3,history
2022/4/27 5:00,4514.3,1,23,21,cloudy,spring,9.01,7952.3,history
2022/4/27 5:15,4901.5,1,23,21,cloudy,spring,9.01,7952.3,history
2022/4/27 5:30,5024.7,1,23,21,cloudy,spring,9.01,7952.3,history
2022/4/27 5:45,4800.9,1,23,21,cloudy,spring,9.01,7952.3,history
2022/4/27 6:00,4057.5,1,23,21,cloudy,spring,9.01,7952.3,history
2022/4/27 6:15,3276.1,1,23,21,cloudy,spring,9.01,7952.3,history
2022/4/27 6:30,2936,1,23,21,cloudy,spring,9.01,7952.3,history
2022/4/27 6:45,2029.1,1,23,21,cloudy,spring,9.01,7952.3,history
2022/4/27 7:00,1768,1,23,21,cloudy,spring,9.01,7952.3,history
2022/4/27 7:15,1256.1,1,23,21,cloudy,spring,9.01,7952.3,history
2022/4/27 7:30,944.6,1,23,21,cloudy,spring,9.01,7952.3,history
2022/4/27 7:45,725.9,1,23,21,cloudy,spring,9.01,7952.3,history
2022/4/27 8:00,593.8,1,23,21,cloudy,spring,9.01,7952.3,history
2022/4/27 8:15,378.1,1,23,21,cloudy,spring,9.01,7952.3,history
2022/4/27 8:30,235.8,1,23,21,cloudy,spring,9.01,7952.3,history
2022/4/27 8:45,129.5,1,23,21,cloudy,spring,9.01,7952.3,history
2022/4/27 9:00,53.3,1,23,21,cloudy,spring,9.01,7952.3,history
2022/4/27 9:15,27.4,1,23,21,cloudy,spring,9.01,7952.3,history
2022/4/27 9:30,70.7,1,23,21,cloudy,spring,9.01,7952.3,history
2022/4/27 9:45,253.1,1,23,21,cloudy,spring,9.01,7952.3,history
2022/4/27 10:00,248.1,1,23,21,cloudy,spring,9.01,7952.3,history
2022/4/27 10:15,277.8,1,23,21,cloudy,spring,9.01,7952.3,history
2022/4/27 10:30,140.9,1,23,21,cloudy,spring,9.01,7952.3,history
2022/4/27 10:45,474.2,1,23,21,cloudy,spring,9.01,7952.3,history
2022/4/27 11:00,650.4,1,23,21,cloudy,spring,9.01,7952.3,history
2022/4/27 11:15,824.4,1,23,21,cloudy,spring,9.01,7952.3,history
2022/4/27 11:30,1877.9,1,23,21,cloudy,spring,9.01,7952.3,history
2022/4/27 11:45,4777.9,1,23,21,cloudy,spring,9.01,7952.3,history
2022/4/27 12:00,5852.2,1,23,21,cloudy,spring,9.01,7952.3,history
2022/4/27 12:15,6421.2,1,23,21,cloudy,spring,9.01,7952.3,history
2022/4/27 12:30,5928.6,1,23,21,cloudy,spring,9.01,7952.3,history
2022/4/27 12:45,5829.1,1,23,21,cloudy,spring,9.01,7952.3,history
2022/4/27 13:00,6791.2,1,23,21,cloudy,spring,9.01,7952.3,history
2022/4/27 13:15,6235.4,1,23,21,cloudy,spring,9.01,7952.3,history
2022/4/27 13:30,5745.8,1,23,21,cloudy,spring,9.01,7952.3,history
2022/4/27 13:45,4746.8,1,23,21,cloudy,spring,9.01,7952.3,history
2022/4/27 14:00,3235.6,1,23,21,cloudy,spring,9.01,7952.3,history
2022/4/27 14:15,1975.1,1,23,21,cloudy,spring,9.01,7952.3,history
2022/4/27 14:30,1271.2,1,23,21,cloudy,spring,9.01,7952.3,history
2022/4/27 14:45,1236.4,1,23,21,cloudy,spring,9.01,7952.3,history
2022/4/27 15:00,1615.4,1,23,21,cloudy,spring,9.01,7952.3,history
2022/4/27 15:15,2296.9,1,23,21,cloudy,spring,9.01,7952.3,history
2022/4/27 15:30,2932.7,1,23,21,cloudy,spring,9.01,7952.3,history
2022/4/27 15:45,2953.2,1,23,21,cloudy,spring,9.01,7952.3,history
2022/4/27 16:00,2949.1,1,23,21,cloudy,spring,9.01,7952.3,history
2022/4/27 16:15,3467.2,1,23,21,cloudy,spring,9.01,7952.3,history
2022/4/27 16:30,3191.5,1,23,21,cloudy,spring,9.01,7952.3,history
2022/4/27 16:45,4397.3,1,23,21,cloudy,spring,9.01,7952.3,history
2022/4/27 17:00,5414.2,1,23,21,cloudy,spring,9.01,7952.3,history
2022/4/27 17:15,6105.8,1,23,21,cloudy,spring,9.01,7952.3,history
2022/4/27 17:30,6211.9,1,23,21,cloudy,spring,9.01,7952.3,history
2022/4/27 17:45,6622.8,1,23,21,cloudy,spring,9.01,7952.3,history
2022/4/27 18:00,6794.4,1,23,21,cloudy,spring,9.01,7952.3,history
2022/4/27 18:15,6554.7,1,23,21,cloudy,spring,9.01,7952.3,history
2022/4/27 18:30,5177.1,1,23,21,cloudy,spring,9.01,7952.3,history
2022/4/27 18:45,3910.8,1,23,21,cloudy,spring,9.01,7952.3,history
2022/4/27 19:00,2499.5,1,23,21,cloudy,spring,9.01,7952.3,history
2022/4/27 19:15,1474.4,1,23,21,cloudy,spring,9.01,7952.3,history
2022/4/27 19:30,1228.6,1,23,21,cloudy,spring,9.01,7952.3,history
2022/4/27 19:45,797.8,1,23,21,cloudy,spring,9.01,7952.3,history
2022/4/27 20:00,728.3,1,23,21,cloudy,spring,9.01,7952.3,history
2022/4/27 20:15,833.9,1,23,21,cloudy,spring,9.01,7952.3,history
2022/4/27 20:30,999.4,1,23,21,cloudy,spring,9.01,7952.3,history
2022/4/27 20:45,964.1,1,23,21,cloudy,spring,9.01,7952.3,history
2022/4/27 21:00,654.5,1,23,21,cloudy,spring,9.01,7952.3,history
2022/4/27 21:15,1105,1,23,21,cloudy,spring,9.01,7952.3,history
2022/4/27 21:30,1279.2,1,23,21,cloudy,spring,9.01,7952.3,history
2022/4/27 21:45,1252.7,1,23,21,cloudy,spring,9.01,7952.3,history
2022/4/27 22:00,1192.9,1,23,21,cloudy,spring,9.01,7952.3,history
2022/4/27 22:15,905.5,1,23,21,cloudy,spring,9.01,7952.3,history
2022/4/27 22:30,687.7,1,23,21,cloudy,spring,9.01,7952.3,history
2022/4/27 22:45,732.6,1,23,21,cloudy,spring,9.01,7952.3,history
2022/4/27 23:00,794.4,1,23,21,cloudy,spring,9.01,7952.3,history
2022/4/27 23:15,949.6,1,23,21,cloudy,spring,9.01,7952.3,history
2022/4/27 23:30,1367.2,1,23,21,cloudy,spring,9.01,7952.3,history
2022/4/27 23:45,1550.3,1,23,21,cloudy,spring,9.01,7952.3,history
2022/4/28 0:00,1617.7,1,31,22,cloudy,spring,9.19,7952.3,history
2022/4/28 0:15,2216.5,1,31,22,cloudy,spring,9.19,7952.3,history
2022/4/28 0:30,2342.1,1,31,22,cloudy,spring,9.19,7952.3,history
2022/4/28 0:45,2630.8,1,31,22,cloudy,spring,9.19,7952.3,history
2022/4/28 1:00,2386.9,1,31,22,cloudy,spring,9.19,7952.3,history
2022/4/28 1:15,2519.2,1,31,22,cloudy,spring,9.19,7952.3,history
2022/4/28 1:30,2608.3,1,31,22,cloudy,spring,9.19,7952.3,history
2022/4/28 1:45,2427,1,31,22,cloudy,spring,9.19,7952.3,history
2022/4/28 2:00,2481.3,1,31,22,cloudy,spring,9.19,7952.3,history
2022/4/28 2:15,2434.3,1,31,22,cloudy,spring,9.19,7952.3,history
2022/4/28 2:30,2968.9,1,31,22,cloudy,spring,9.19,7952.3,history
2022/4/28 2:45,2987.1,1,31,22,cloudy,spring,9.19,7952.3,history
2022/4/28 3:00,3105.8,1,31,22,cloudy,spring,9.19,7952.3,history
2022/4/28 3:15,3202.6,1,31,22,cloudy,spring,9.19,7952.3,history
2022/4/28 3:30,3408.1,1,31,22,cloudy,spring,9.19,7952.3,history
2022/4/28 3:45,3848.3,1,31,22,cloudy,spring,9.19,7952.3,history
2022/4/28 4:00,4083.9,1,31,22,cloudy,spring,9.19,7952.3,history
2022/4/28 4:15,4194.7,1,31,22,cloudy,spring,9.19,7952.3,history
2022/4/28 4:30,4015.9,1,31,22,cloudy,spring,9.19,7952.3,history
2022/4/28 4:45,4416.2,1,31,22,cloudy,spring,9.19,7952.3,history
2022/4/28 5:00,4778.7,1,31,22,cloudy,spring,9.19,7952.3,history
2022/4/28 5:15,4868.9,1,31,22,cloudy,spring,9.19,7952.3,history
2022/4/28 5:30,5005.6,1,31,22,cloudy,spring,9.19,7952.3,history
2022/4/28 5:45,4877.6,1,31,22,cloudy,spring,9.19,7952.3,history
2022/4/28 6:00,4436.6,1,31,22,cloudy,spring,9.19,7952.3,history
2022/4/28 6:15,3803.9,1,31,22,cloudy,spring,9.19,7952.3,history
2022/4/28 6:30,3400.4,1,31,22,cloudy,spring,9.19,7952.3,history
2022/4/28 6:45,2369.5,1,31,22,cloudy,spring,9.19,7952.3,history
2022/4/28 7:00,1922.7,1,31,22,cloudy,spring,9.19,7952.3,history
2022/4/28 7:15,1154.6,1,31,22,cloudy,spring,9.19,7952.3,history
2022/4/28 7:30,921.9,1,31,22,cloudy,spring,9.19,7952.3,history
2022/4/28 7:45,477,1,31,22,cloudy,spring,9.19,7952.3,history
2022/4/28 8:00,354.4,1,31,22,cloudy,spring,9.19,7952.3,history
2022/4/28 8:15,175.3,1,31,22,cloudy,spring,9.19,7952.3,history
2022/4/28 8:30,142.5,1,31,22,cloudy,spring,9.19,7952.3,history
2022/4/28 8:45,66.3,1,31,22,cloudy,spring,9.19,7952.3,history
2022/4/28 9:00,33.4,1,31,22,cloudy,spring,9.19,7952.3,history
2022/4/28 9:15,322.6,1,31,22,cloudy,spring,9.19,7952.3,history
2022/4/28 9:30,207.2,1,31,22,cloudy,spring,9.19,7952.3,history
2022/4/28 9:45,235.3,1,31,22,cloudy,spring,9.19,7952.3,history
2022/4/28 10:00,203.2,1,31,22,cloudy,spring,9.19,7952.3,history
2022/4/28 10:15,106.6,1,31,22,cloudy,spring,9.19,7952.3,history
2022/4/28 10:30,168.1,1,31,22,cloudy,spring,9.19,7952.3,history
2022/4/28 10:45,265,1,31,22,cloudy,spring,9.19,7952.3,history
2022/4/28 11:00,717.9,1,31,22,cloudy,spring,9.19,7952.3,history
2022/4/28 11:15,1136.5,1,31,22,cloudy,spring,9.19,7952.3,history
2022/4/28 11:30,1978.4,1,31,22,cloudy,spring,9.19,7952.3,history
2022/4/28 11:45,5004.1,1,31,22,cloudy,spring,9.19,7952.3,history
2022/4/28 12:00,6151.4,1,31,22,cloudy,spring,9.19,7952.3,history
2022/4/28 12:15,7294.6,1,31,22,cloudy,spring,9.19,7952.3,history
2022/4/28 12:30,7104.7,1,31,22,cloudy,spring,9.19,7952.3,history
2022/4/28 12:45,6689.5,1,31,22,cloudy,spring,9.19,7952.3,history
2022/4/28 13:00,6838.7,1,31,22,cloudy,spring,9.19,7952.3,history
2022/4/28 13:15,7041.8,1,31,22,cloudy,spring,9.19,7952.3,history
2022/4/28 13:30,6847.3,1,31,22,cloudy,spring,9.19,7952.3,history
2022/4/28 13:45,5579.8,1,31,22,cloudy,spring,9.19,7952.3,history
2022/4/28 14:00,5135.5,1,31,22,cloudy,spring,9.19,7952.3,history
2022/4/28 14:15,2672.9,1,31,22,cloudy,spring,9.19,7952.3,history
2022/4/28 14:30,1872.2,1,31,22,cloudy,spring,9.19,7952.3,history
2022/4/28 14:45,1871.2,1,31,22,cloudy,spring,9.19,7952.3,history
2022/4/28 15:00,1667.7,1,31,22,cloudy,spring,9.19,7952.3,history
2022/4/28 15:15,2499.5,1,31,22,cloudy,spring,9.19,7952.3,history
2022/4/28 15:30,2554.8,1,31,22,cloudy,spring,9.19,7952.3,history
2022/4/28 15:45,2755.5,1,31,22,cloudy,spring,9.19,7952.3,history
2022/4/28 16:00,2641.6,1,31,22,cloudy,spring,9.19,7952.3,history
2022/4/28 16:15,2506.6,1,31,22,cloudy,spring,9.19,7952.3,history
2022/4/28 16:30,2911.4,1,31,22,cloudy,spring,9.19,7952.3,history
2022/4/28 16:45,3988.5,1,31,22,cloudy,spring,9.19,7952.3,history
2022/4/28 17:00,4405.4,1,31,22,cloudy,spring,9.19,7952.3,history
2022/4/28 17:15,6292.5,1,31,22,cloudy,spring,9.19,7952.3,history
2022/4/28 17:30,6152.7,1,31,22,cloudy,spring,9.19,7952.3,history
2022/4/28 17:45,6111.5,1,31,22,cloudy,spring,9.19,7952.3,history
2022/4/28 18:00,5672.1,1,31,22,cloudy,spring,9.19,7952.3,history
2022/4/28 18:15,5589.7,1,31,22,cloudy,spring,9.19,7952.3,history
2022/4/28 18:30,4584.3,1,31,22,cloudy,spring,9.19,7952.3,history
2022/4/28 18:45,3803.8,1,31,22,cloudy,spring,9.19,7952.3,history
2022/4/28 19:00,2972.5,1,31,22,cloudy,spring,9.19,7952.3,history
2022/4/28 19:15,1996.9,1,31,22,cloudy,spring,9.19,7952.3,history
2022/4/28 19:30,1374.1,1,31,22,cloudy,spring,9.19,7952.3,history
2022/4/28 19:45,852.2,1,31,22,cloudy,spring,9.19,7952.3,history
2022/4/28 20:00,650.8,1,31,22,cloudy,spring,9.19,7952.3,history
2022/4/28 20:15,593.6,1,31,22,cloudy,spring,9.19,7952.3,history
2022/4/28 20:30,745.3,1,31,22,cloudy,spring,9.19,7952.3,history
2022/4/28 20:45,613.6,1,31,22,cloudy,spring,9.19,7952.3,history
2022/4/28 21:00,822.5,1,31,22,cloudy,spring,9.19,7952.3,history
2022/4/28 21:15,1203.6,1,31,22,cloudy,spring,9.19,7952.3,history
2022/4/28 21:30,1105.8,1,31,22,cloudy,spring,9.19,7952.3,history
2022/4/28 21:45,1011.4,1,31,22,cloudy,spring,9.19,7952.3,history
2022/4/28 22:00,1238.4,1,31,22,cloudy,spring,9.19,7952.3,history
2022/4/28 22:15,1226.05,1,31,22,cloudy,spring,9.19,7952.3,history
2022/4/28 22:30,1213.7,1,31,22,cloudy,spring,9.19,7952.3,history
2022/4/28 22:45,1201.35,1,31,22,cloudy,spring,9.19,7952.3,history
2022/4/28 23:00,1189,1,31,22,cloudy,spring,9.19,7952.3,history
2022/4/28 23:15,1189,1,31,22,cloudy,spring,9.19,7952.3,history
2022/4/28 23:30,1189,1,31,22,cloudy,spring,9.19,7952.3,history
2022/4/28 23:45,1189,1,31,22,cloudy,spring,9.19,7952.3,history
2022/4/29 0:00,1255.4,1,25,18,overcast to cloudy,winter,9.19,7952.3,target
2022/4/29 0:15,1606.9,1,25,18,overcast to cloudy,winter,9.19,7952.3,target
2022/4/29 0:30,1529.9,1,25,18,overcast to cloudy,winter,9.19,7952.3,target
2022/4/29 0:45,1861.9,1,25,18,overcast to cloudy,winter,9.19,7952.3,target
2022/4/29 1:00,1687.3,1,25,18,overcast to cloudy,winter,9.19,7952.3,target
2022/4/29 1:15,1997.6,1,25,18,overcast to cloudy,winter,9.19,7952.3,target
2022/4/29 1:30,1861.2,1,25,18,overcast to cloudy,winter,9.19,7952.3,target
2022/4/29 1:45,1844.3,1,25,18,overcast to cloudy,winter,9.19,7952.3,target
2022/4/29 2:00,1895.3,1,25,18,overcast to cloudy,winter,9.19,7952.3,target
2022/4/29 2:15,1789.8,1,25,18,overcast to cloudy,winter,9.19,7952.3,target
2022/4/29 2:30,2092.7,1,25,18,overcast to cloudy,winter,9.19,7952.3,target
2022/4/29 2:45,1916.9,1,25,18,overcast to cloudy,winter,9.19,7952.3,target
2022/4/29 3:00,2254.8,1,25,18,overcast to cloudy,winter,9.19,7952.3,target
2022/4/29 3:15,2755.9,1,25,18,overcast to cloudy,winter,9.19,7952.3,target
2022/4/29 3:30,2726.1,1,25,18,overcast to cloudy,winter,9.19,7952.3,target
2022/4/29 3:45,2736.1,1,25,18,overcast to cloudy,winter,9.19,7952.3,target
2022/4/29 4:00,2880.3,1,25,18,overcast to cloudy,winter,9.19,7952.3,target
2022/4/29 4:15,2936.1,1,25,18,overcast to cloudy,winter,9.19,7952.3,target
2022/4/29 4:30,3234,1,25,18,overcast to cloudy,winter,9.19,7952.3,target
2022/4/29 4:45,3466.7,1,25,18,overcast to cloudy,winter,9.19,7952.3,target
2022/4/29 5:00,4074,1,25,18,overcast to cloudy,winter,9.19,7952.3,target
2022/4/29 5:15,4200.8,1,25,18,overcast to cloudy,winter,9.19,7952.3,target
2022/4/29 5:30,4736,1,25,18,overcast to cloudy,winter,9.19,7952.3,target
2022/4/29 5:45,4842.7,1,25,18,overcast to cloudy,winter,9.19,7952.3,target
2022/4/29 6:00,4853.7,1,25,18,overcast to cloudy,winter,9.19,7952.3,target
2022/4/29 6:15,4697.6,1,25,18,overcast to cloudy,winter,9.19,7952.3,target
2022/4/29 6:30,4264.3,1,25,18,overcast to cloudy,winter,9.19,7952.3,target
2022/4/29 6:45,3632.7,1,25,18,overcast to cloudy,winter,9.19,7952.3,target
2022/4/29 7:00,2704.7,1,25,18,overcast to cloudy,winter,9.19,7952.3,target
2022/4/29 7:15,1937.1,1,25,18,overcast to cloudy,winter,9.19,7952.3,target
2022/4/29 7:30,1270.6,1,25,18,overcast to cloudy,winter,9.19,7952.3,target
2022/4/29 7:45,1211.8,1,25,18,overcast to cloudy,winter,9.19,7952.3,target
2022/4/29 8:00,756.9,1,25,18,overcast to cloudy,winter,9.19,7952.3,target
2022/4/29 8:15,667,1,25,18,overcast to cloudy,winter,9.19,7952.3,target
2022/4/29 8:30,678.6,1,25,18,overcast to cloudy,winter,9.19,7952.3,target
2022/4/29 8:45,517.8,1,25,18,overcast to cloudy,winter,9.19,7952.3,target
2022/4/29 9:00,380.1,1,25,18,overcast to cloudy,winter,9.19,7952.3,target
2022/4/29 9:15,269.6,1,25,18,overcast to cloudy,winter,9.19,7952.3,target
2022/4/29 9:30,269,1,25,18,overcast to cloudy,winter,9.19,7952.3,target
2022/4/29 9:45,264.6,1,25,18,overcast to cloudy,winter,9.19,7952.3,target
2022/4/29 10:00,471.2,1,25,18,overcast to cloudy,winter,9.19,7952.3,target
2022/4/29 10:15,428.9,1,25,18,overcast to cloudy,winter,9.19,7952.3,target
2022/4/29 10:30,449.3,1,25,18,overcast to cloudy,winter,9.19,7952.3,target
2022/4/29 10:45,436.6,1,25,18,overcast to cloudy,winter,9.19,7952.3,target
2022/4/29 11:00,1008,1,25,18,overcast to cloudy,winter,9.19,7952.3,target
2022/4/29 11:15,1605.2,1,25,18,overcast to cloudy,winter,9.19,7952.3,target
2022/4/29 11:30,2228.1,1,25,18,overcast to cloudy,winter,9.19,7952.3,target
2022/4/29 11:45,3231.3,1,25,18,overcast to cloudy,winter,9.19,7952.3,target
2022/4/29 12:00,4557.3,1,25,18,overcast to cloudy,winter,9.19,7952.3,target
2022/4/29 12:15,5270.5,1,25,18,overcast to cloudy,winter,9.19,7952.3,target
2022/4/29 12:30,5540.4,1,25,18,overcast to cloudy,winter,9.19,7952.3,target
2022/4/29 12:45,6004.6,1,25,18,overcast to cloudy,winter,9.19,7952.3,target
2022/4/29 13:00,5801.7,1,25,18,overcast to cloudy,winter,9.19,7952.3,target
2022/4/29 13:15,5707.5,1,25,18,overcast to cloudy,winter,9.19,7952.3,target
2022/4/29 13:30,5333,1,25,18,overcast to cloudy,winter,9.19,7952.3,target
2022/4/29 13:45,3716.2,1,25,18,overcast to cloudy,winter,9.19,7952.3,target
2022/4/29 14:00,2711.9,1,25,18,overcast to cloudy,winter,9.19,7952.3,target
2022/4/29 14:15,2228.5,1,25,18,overcast to cloudy,winter,9.19,7952.3,target
2022/4/29 14:30,1069.5,1,25,18,overcast to cloudy,winter,9.19,7952.3,target
2022/4/29 14:45,1275.2,1,25,18,overcast to cloudy,winter,9.19,7952.3,target
2022/4/29 15:00,1494,1,25,18,overcast to cloudy,winter,9.19,7952.3,target
2022/4/29 15:15,1598.4,1,25,18,overcast to cloudy,winter,9.19,7952.3,target
2022/4/29 15:30,1920.9,1,25,18,overcast to cloudy,winter,9.19,7952.3,target
2022/4/29 15:45,2361.4,1,25,18,overcast to cloudy,winter,9.19,7952.3,target
2022/4/29 16:00,2573.2,1,25,18,overcast to cloudy,winter,9.19,7952.3,target
2022/4/29 16:15,2841.3,1,25,18,overcast to cloudy,winter,9.19,7952.3,target
2022/4/29 16:30,3047.1,1,25,18,overcast to cloudy,winter,9.19,7952.3,target
2022/4/29 16:45,3712.4,1,25,18,overcast to cloudy,winter,9.19,7952.3,target
2022/4/29 17:00,4474,1,25,18,overcast to cloudy,winter,9.19,7952.3,target
2022/4/29 17:15,6141.6,1,25,18,overcast to cloudy,winter,9.19,7952.3,target
2022/4/29 17:30,7057.7,1,25,18,overcast to cloudy,winter,9.19,7952.3,target
2022/4/29 17:45,7645.2,1,25,18,overcast to cloudy,winter,9.19,7952.3,target
2022/4/29 18:00,8049.8,1,25,18,overcast to cloudy,winter,9.19,7952.3,target
2022/4/29 18:15,7650.3,1,25,18,overcast to cloudy,winter,9.19,7952.3,target
2022/4/29 18:30,6661.1,1,25,18,overcast to cloudy,winter,9.19,7952.3,target
2022/4/29 18:45,4496.7,1,25,18,overcast to cloudy,winter,9.19,7952.3,target
2022/4/29 19:00,2541.7,1,25,18,overcast to cloudy,winter,9.19,7952.3,target
2022/4/29 19:15,1781.2,1,25,18,overcast to cloudy,winter,9.19,7952.3,target
2022/4/29 19:30,1470.7,1,25,18,overcast to cloudy,winter,9.19,7952.3,target
2022/4/29 19:45,1389.5,1,25,18,overcast to cloudy,winter,9.19,7952.3,target
2022/4/29 20:00,1384.9,1,25,18,overcast to cloudy,winter,9.19,7952.3,target
2022/4/29 20:15,1174.4,1,25,18,overcast to cloudy,winter,9.19,7952.3,target
2022/4/29 20:30,1184.8,1,25,18,overcast to cloudy,winter,9.19,7952.3,target
2022/4/29 20:45,951,1,25,18,overcast to cloudy,winter,9.19,7952.3,target
2022/4/29 21:00,1221.4,1,25,18,overcast to cloudy,winter,9.19,7952.3,target
2022/4/29 21:15,987.5,1,25,18,overcast to cloudy,winter,9.19,7952.3,target
2022/4/29 21:30,1212.6,1,25,18,overcast to cloudy,winter,9.19,7952.3,target
2022/4/29 21:45,1354.7,1,25,18,overcast to cloudy,winter,9.19,7952.3,target
2022/4/29 22:00,1096.2,1,25,18,overcast to cloudy,winter,9.19,7952.3,target
2022/4/29 22:15,1186.3,1,25,18,overcast to cloudy,winter,9.19,7952.3,target
2022/4/29 22:30,1204.2,1,25,18,overcast to cloudy,winter,9.19,7952.3,target
2022/4/29 22:45,1383.6,1,25,18,overcast to cloudy,winter,9.19,7952.3,target
2022/4/29 23:00,1103.8,1,25,18,overcast to cloudy,winter,9.19,7952.3,target
2022/4/29 23:15,1161.3,1,25,18,overcast to cloudy,winter,9.19,7952.3,target
2022/4/29 23:30,1319.6,1,25,18,overcast to cloudy,winter,9.19,7952.3,target
2022/4/29 23:45,1179.8,1,25,18,overcast to cloudy,winter,9.19,7952.3,target
