timestamp,split,load,is_weekday,temp_max_num,temp_min_num,Weather,Season,Oil price,Quarterly gdp
2022/10/13 0:00,history,3206.4,1,28,23,cloudy,autumn,8.89,9462.59
2022/10/13 0:15,history,3408,1,28,23,cloudy,autumn,8.89,9462.59
2022/10/13 0:30,history,3431.3,1,28,23,cloudy,autumn,8.89,9462.59
2022/10/13 0:45,history,3471.3,1,28,23,cloudy,autumn,8.89,9462.59
2022/10/13 1:00,history,3504.6,1,28,23,cloudy,autumn,8.89,9462.59
2022/10/13 1:15,history,3364.5,1,28,23,cloudy,autumn,8.89,9462.59
2022/10/13 1:30,history,3175.8,1,28,23,cloudy,autumn,8.89,9462.59
2022/10/13 1:45,history,2978.5,1,28,23,cloudy,autumn,8.89,9462.59
2022/10/13 2:00,history,2928.9,1,28,23,cloudy,autumn,8.89,9462.59
2022/10/13 2:15,history,3330.4,1,28,23,cloudy,autumn,8.89,9462.59
2022/10/13 2:30,history,3385.3,1,28,23,cloudy,autumn,8.89,9462.59
2022/10/13 2:45,history,3508,1,28,23,cloudy,autumn,8.89,9462.59
2022/10/13 3:00,history,3102.2,1,28,23,cloudy,autumn,8.89,9462.59
2022/10/13 3:15,history,3234.2,1,28,23,cloudy,autumn,8.89,9462.59
2022/10/13 3:30,history,3334.2,1,28,23,cloudy,autumn,8.89,9462.59
2022/10/13 3:45,history,3099.4,1,28,23,cloudy,autumn,8.89,9462.59
2022/10/13 4:00,history,2981.4,1,28,23,cloudy,autumn,8.89,9462.59
2022/10/13 4:15,history,2824.4,1,28,23,cloudy,autumn,8.89,9462.59
2022/10/13 4:30,history,3135.9,1,28,23,cloudy,autumn,8.89,9462.59
2022/10/13 4:45,history,3610.9,1,28,23,cloudy,autumn,8.89,9462.59
2022/10/13 5:00,history,4175.6,1,28,23,cloudy,autumn,8.89,9462.59
2022/10/13 5:15,history,4636.3,1,28,23,cloudy,autumn,8.89,9462.59
2022/10/13 5:30,history,5058.1,1,28,23,cloudy,autumn,8.89,9462.59
2022/10/13 5:45,history,5328,1,28,23,cloudy,autumn,8.89,9462.59
2022/10/13 6:00,history,4673.1,1,28,23,cloudy,autumn,8.89,9462.59
2022/10/13 6:15,history,3899,1,28,23,cloudy,autumn,8.89,9462.59
2022/10/13 6:30,history,3475.3,1,28,23,cloudy,autumn,8.89,9462.59
2022/10/13 6:45,history,2697.4,1,28,23,cloudy,autumn,8.89,9462.59
2022/10/13 7:00,history,2016.9,1,28,23,cloudy,autumn,8.89,9462.59
2022/10/13 7:15,history,1215.4,1,28,23,cloudy,autumn,8.89,9462.59
2022/10/13 7:30,history,731.6,1,28,23,cloudy,autumn,8.89,9462.59
2022/10/13 7:45,history,577.9,1,28,23,cloudy,autumn,8.89,9462.59
2022/10/13 8:00,history,304,1,28,23,cloudy,autumn,8.89,9462.59
2022/10/13 8:15,history,315.4,1,28,23,cloudy,autumn,8.89,9462.59
2022/10/13 8:30,history,239,1,28,23,cloudy,autumn,8.89,9462.59
2022/10/13 8:45,history,117.7,1,28,23,cloudy,autumn,8.89,9462.59
2022/10/13 9:00,history,71.2,1,28,23,cloudy,autumn,8.89,9462.59
2022/10/13 9:15,history,105.8,1,28,23,cloudy,autumn,8.89,9462.59
2022/10/13 9:30,history,57,1,28,23,cloudy,autumn,8.89,9462.59
2022/10/13 9:45,history,149.4,1,28,23,cloudy,autumn,8.89,9462.59
2022/10/13 10:00,history,208.4,1,28,23,cloudy,autumn,8.89,9462.59
2022/10/13 10:15,history,351.7,1,28,23,cloudy,autumn,8.89,9462.59
2022/10/13 10:30,history,241.9,1,28,23,cloudy,autumn,8.89,9462.59
2022/10/13 10:45,history,292,1,28,23,cloudy,autumn,8.89,9462.59
2022/10/13 11:00,history,668.5,1,28,23,cloudy,autumn,8.89,9462.59
2022/10/13 11:15,history,823.9,1,28,23,cloudy,autumn,8.89,9462.59
2022/10/13 11:30,history,1501.1,1,28,23,cloudy,autumn,8.89,9462.59
2022/10/13 11:45,history,4193.4,1,28,23,cloudy,autumn,8.89,9462.59
2022/10/13 12:00,history,4950.6,1,28,23,cloudy,autumn,8.89,9462.59
2022/10/13 12:15,history,5167.1,1,28,23,cloudy,autumn,8.89,9462.59
2022/10/13 12:30,history,4972.7,1,28,23,cloudy,autumn,8.89,9462.59
2022/10/13 12:45,history,4719.6,1,28,23,cloudy,autumn,8.89,9462.59
2022/10/13 13:00,history,5226.3,1,28,23,cloudy,autumn,8.89,9462.59
2022/10/13 13:15,history,4401.8,1,28,23,cloudy,autumn,8.89,9462.59
2022/10/13 13:30,history,4219.6,1,28,23,cloudy,autumn,8.89,9462.59
2022/10/13 13:45,history,3089,1,28,23,cloudy,autumn,8.89,9462.59
2022/10/13 14:00,history,1639.2,1,28,23,cloudy,autumn,8.89,9462.59
2022/10/13 14:15,history,888.1,1,28,23,cloudy,autumn,8.89,9462.59
2022/10/13 14:30,history,718.5,1,28,23,cloudy,autumn,8.89,9462.59
2022/10/13 14:45,history,754.3,1,28,23,cloudy,autumn,8.89,9462.59
2022/10/13 15:00,history,853,1,28,23,cloudy,autumn,8.89,9462.59
2022/10/13 15:15,history,1067.7,1,28,23,cloudy,autumn,8.89,9462.59
2022/10/13 15:30,history,1356.2,1,28,23,cloudy,autumn,8.89,9462.59
2022/10/13 15:45,history,1700,1,28,23,cloudy,autumn,8.89,9462.59
2022/10/13 16:00,history,1770.2,1,28,23,cloudy,autumn,8.89,9462.59
2022/10/13 16:15,history,2350,1,28,23,cloudy,autumn,8.89,9462.59
2022/10/13 16:30,history,2937.8,1,28,23,cloudy,autumn,8.89,9462.59
2022/10/13 16:45,history,3963.5,1,28,23,cloudy,autumn,8.89,9462.59
2022/10/13 17:00,history,4197.6,1,28,23,cloudy,autumn,8.89,9462.59
2022/10/13 17:15,history,4810.5,1,28,23,cloudy,autumn,8.89,9462.59
2022/10/13 17:30,history,5200.1,1,28,23,cloudy,autumn,8.89,9462.59
2022/10/13 17:45,history,5360.4,1,28,23,cloudy,autumn,8.89,9462.59
2022/10/13 18:00,history,5113.5,1,28,23,cloudy,autumn,8.89,9462.59
2022/10/13 18:15,history,4716.8,1,28,23,cloudy,autumn,8.89,9462.59
2022/10/13 18:30,history,3174.6,1,28,23,cloudy,autumn,8.89,9462.59
2022/10/13 18:45,history,2276,1,28,23,cloudy,autumn,8.89,9462.59
2022/10/13 19:00,history,2030,1,28,23,cloudy,autumn,8.89,9462.59
2022/10/13 19:15,history,1044.6,1,28,23,cloudy,autumn,8.89,9462.59
2022/10/13 19:30,history,699,1,28,23,cloudy,autumn,8.89,9462.59
2022/10/13 19:45,history,647.9,1,28,23,cloudy,autumn,8.89,9462.59
2022/10/13 20:00,history,682.7,1,28,23,cloudy,autumn,8.89,9462.59
2022/10/13 20:15,history,706.8,1,28,23,cloudy,autumn,8.89,9462.59
2022/10/13 20:30,history,631.2,1,28,23,cloudy,autumn,8.89,9462.59
2022/10/13 20:45,history,953.1,1,28,23,cloudy,autumn,8.89,9462.59
2022/10/13 21:00,history,594,1,28,23,cloudy,autumn,8.89,9462.59
2022/10/13 21:15,history,1046.9,1,28,23,cloudy,autumn,8.89,9462.59
2022/10/13 21:30,history,947.2,1,28,23,cloudy,autumn,8.89,9462.59
2022/10/13 21:45,history,1156.4,1,28,23,cloudy,autumn,8.89,9462.59
2022/10/13 22:00,history,1132.1,1,28,23,cloudy,autumn,8.89,9462.59
2022/10/13 22:15,history,975.7,1,28,23,cloudy,autumn,8.89,9462.59
2022/10/13 22:30,history,834.6,1,28,23,cloudy,autumn,8.89,9462.59
2022/10/13 22:45,history,725.7,1,28,23,cloudy,autumn,8.89,9462.59
2022/10/13 23:00,history,1017.4,1,28,23,cloudy,autumn,8.89,9462.59
2022/10/13 23:15,history,2283.4,1,28,23,cloudy,autumn,8.89,9462.59
2022/10/13 23:30,history,2631.6,1,28,23,cloudy,autumn,8.89,9462.59
2022/10/13 23:45,history,2609.8,1,28,23,cloudy,autumn,8.89,9462.59
2022/10/14 0:00,history,2602.7,0,23,18,cloudy,autumn,8.89,9462.59
2022/10/14 0:15,history,3007.6,0,23,18,cloudy,autumn,8.89,9462.59
2022/10/14 0:30,history,3263.4,0,23,18,cloudy,autumn,8.89,9462.59
2022/10/14 0:45,history,3338.4,0,23,18,cloudy,autumn,8.89,9462.59
2022/10/14 1:00,history,3151.6,0,23,18,cloudy,autumn,8.89,9462.59
2022/10/14 1:15,history,3711.4,0,23,18,cloudy,autumn,8.89,9462.59
2022/10/14 1:30,history,4177.2,0,23,18,cloudy,autumn,8.89,9462.59
2022/10/14 1:45,history,4679.9,0,23,18,cloudy,autumn,8.89,9462.59
2022/10/14 2:00,history,4606.5,0,23,18,cloudy,autumn,8.89,9462.59
2022/10/14 2:15,history,5078.4,0,23,18,cloudy,autumn,8.89,9462.59
2022/10/14 2:30,history,5623.7,0,23,18,cloudy,autumn,8.89,9462.59
2022/10/14 2:45,history,5729.2,0,23,18,cloudy,autumn,8.89,9462.59
2022/10/14 3:00,history,6325.8,0,23,18,cloudy,autumn,8.89,9462.59
2022/10/14 3:15,history,6052.3,0,23,18,cloudy,autumn,8.89,9462.59
2022/10/14 3:30,history,5265.5,0,23,18,cloudy,autumn,8.89,9462.59
2022/10/14 3:45,history,5204.7,0,23,18,cloudy,autumn,8.89,9462.59
2022/10/14 4:00,history,5002.3,0,23,18,cloudy,autumn,8.89,9462.59
2022/10/14 4:15,history,4922.9,0,23,18,cloudy,autumn,8.89,9462.59
2022/10/14 4:30,history,4829.6,0,23,18,cloudy,autumn,8.89,9462.59
2022/10/14 4:45,history,4701.9,0,23,18,cloudy,autumn,8.89,9462.59
2022/10/14 5:00,history,4515.9,0,23,18,cloudy,autumn,8.89,9462.59
2022/10/14 5:15,history,4349.1,0,23,18,cloudy,autumn,8.89,9462.59
2022/10/14 5:30,history,4316.7,0,23,18,cloudy,autumn,8.89,9462.59
2022/10/14 5:45,history,4081.1,0,23,18,cloudy,autumn,8.89,9462.59
2022/10/14 6:00,history,3659.9,0,23,18,cloudy,autumn,8.89,9462.59
2022/10/14 6:15,history,3430.2,0,23,18,cloudy,autumn,8.89,9462.59
2022/10/14 6:30,history,2952.5,0,23,18,cloudy,autumn,8.89,9462.59
2022/10/14 6:45,history,2676.1,0,23,18,cloudy,autumn,8.89,9462.59
2022/10/14 7:00,history,2476.9,0,23,18,cloudy,autumn,8.89,9462.59
2022/10/14 7:15,history,2035.7,0,23,18,cloudy,autumn,8.89,9462.59
2022/10/14 7:30,history,1637.5,0,23,18,cloudy,autumn,8.89,9462.59
2022/10/14 7:45,history,1342,0,23,18,cloudy,autumn,8.89,9462.59
2022/10/14 8:00,history,1068.9,0,23,18,cloudy,autumn,8.89,9462.59
2022/10/14 8:15,history,870.9,0,23,18,cloudy,autumn,8.89,9462.59
2022/10/14 8:30,history,458.2,0,23,18,cloudy,autumn,8.89,9462.59
2022/10/14 8:45,history,295.2,0,23,18,cloudy,autumn,8.89,9462.59
2022/10/14 9:00,history,226,0,23,18,cloudy,autumn,8.89,9462.59
2022/10/14 9:15,history,173.5,0,23,18,cloudy,autumn,8.89,9462.59
2022/10/14 9:30,history,183.6,0,23,18,cloudy,autumn,8.89,9462.59
2022/10/14 9:45,history,301.8,0,23,18,cloudy,autumn,8.89,9462.59
2022/10/14 10:00,history,403.7,0,23,18,cloudy,autumn,8.89,9462.59
2022/10/14 10:15,history,319.7,0,23,18,cloudy,autumn,8.89,9462.59
2022/10/14 10:30,history,325.4,0,23,18,cloudy,autumn,8.89,9462.59
2022/10/14 10:45,history,281.3,0,23,18,cloudy,autumn,8.89,9462.59
2022/10/14 11:00,history,429.5,0,23,18,cloudy,autumn,8.89,9462.59
2022/10/14 11:15,history,787.2,0,23,18,cloudy,autumn,8.89,9462.59
2022/10/14 11:30,history,1595.8,0,23,18,cloudy,autumn,8.89,9462.59
2022/10/14 11:45,history,3031.5,0,23,18,cloudy,autumn,8.89,9462.59
2022/10/14 12:00,history,3963.1,0,23,18,cloudy,autumn,8.89,9462.59
2022/10/14 12:15,history,4269.5,0,23,18,cloudy,autumn,8.89,9462.59
2022/10/14 12:30,history,4244,0,23,18,cloudy,autumn,8.89,9462.59
2022/10/14 12:45,history,4040.9,0,23,18,cloudy,autumn,8.89,9462.59
2022/10/14 13:00,history,4129.3,0,23,18,cloudy,autumn,8.89,9462.59
2022/10/14 13:15,history,4188.5,0,23,18,cloudy,autumn,8.89,9462.59
2022/10/14 13:30,history,3762.2,0,23,18,cloudy,autumn,8.89,9462.59
2022/10/14 13:45,history,3356.5,0,23,18,cloudy,autumn,8.89,9462.59
2022/10/14 14:00,history,2337,0,23,18,cloudy,autumn,8.89,9462.59
2022/10/14 14:15,history,1201.9,0,23,18,cloudy,autumn,8.89,9462.59
2022/10/14 14:30,history,708.4,0,23,18,cloudy,autumn,8.89,9462.59
2022/10/14 14:45,history,898.9,0,23,18,cloudy,autumn,8.89,9462.59
2022/10/14 15:00,history,1396.9,0,23,18,cloudy,autumn,8.89,9462.59
2022/10/14 15:15,history,1657.7,0,23,18,cloudy,autumn,8.89,9462.59
2022/10/14 15:30,history,1678.9,0,23,18,cloudy,autumn,8.89,9462.59
2022/10/14 15:45,history,2048.9,0,23,18,cloudy,autumn,8.89,9462.59
2022/10/14 16:00,history,1657.7,0,23,18,cloudy,autumn,8.89,9462.59
2022/10/14 16:15,history,2058.5,0,23,18,cloudy,autumn,8.89,9462.59
2022/10/14 16:30,history,2360,0,23,18,cloudy,autumn,8.89,9462.59
2022/10/14 16:45,history,3315.3,0,23,18,cloudy,autumn,8.89,9462.59
2022/10/14 17:00,history,4497.3,0,23,18,cloudy,autumn,8.89,9462.59
2022/10/14 17:15,history,5129,0,23,18,cloudy,autumn,8.89,9462.59
2022/10/14 17:30,history,6062.6,0,23,18,cloudy,autumn,8.89,9462.59
2022/10/14 17:45,history,6062.1,0,23,18,cloudy,autumn,8.89,9462.59
2022/10/14 18:00,history,5597.6,0,23,18,cloudy,autumn,8.89,9462.59
2022/10/14 18:15,history,4676.2,0,23,18,cloudy,autumn,8.89,9462.59
2022/10/14 18:30,history,3625.9,0,23,18,cloudy,autumn,8.89,9462.59
2022/10/14 18:45,history,2659.8,0,23,18,cloudy,autumn,8.89,9462.59
2022/10/14 19:00,history,1524.6,0,23,18,cloudy,autumn,8.89,9462.59
2022/10/14 19:15,history,1114.1,0,23,18,cloudy,autumn,8.89,9462.59
2022/10/14 19:30,history,896.8,0,23,18,cloudy,autumn,8.89,9462.59
2022/10/14 19:45,history,790.7,0,23,18,cloudy,autumn,8.89,9462.59
2022/10/14 20:00,history,811.3,0,23,18,cloudy,autumn,8.89,9462.59
2022/10/14 20:15,history,745.2,0,23,18,cloudy,autumn,8.89,9462.59
2022/10/14 20:30,history,631.8,0,23,18,cloudy,autumn,8.89,9462.59
2022/10/14 20:45,history,745.8,0,23,18,cloudy,autumn,8.89,9462.59
2022/10/14 21:00,history,868.4,0,23,18,cloudy,autumn,8.89,9462.59
2022/10/14 21:15,history,1115.3,0,23,18,cloudy,autumn,8.89,9462.59
2022/10/14 21:30,history,983,0,23,18,cloudy,autumn,8.89,9462.59
2022/10/14 21:45,history,930.5,0,23,18,cloudy,autumn,8.89,9462.59
2022/10/14 22:00,history,823.4,0,23,18,cloudy,autumn,8.89,9462.59
2022/10/14 22:15,history,818.2,0,23,18,cloudy,autumn,8.89,9462.59
2022/10/14 22:30,history,681.2,0,23,18,cloudy,autumn,8.89,9462.59
2022/10/14 22:45,history,630.2,0,23,18,cloudy,autumn,8.89,9462.59
2022/10/14 23:00,history,699.3,0,23,18,cloudy,autumn,8.89,9462.59
2022/10/14 23:15,history,1682.5,0,23,18,cloudy,autumn,8.89,9462.59
2022/10/14 23:30,history,2362.7,0,23,18,cloudy,autumn,8.89,9462.59
2022/10/14 23:45,history,2423.9,0,23,18,cloudy,autumn,8.89,9462.59
2022/10/15 0:00,history,2757.2,0,24,19,cloudy,autumn,8.89,9462.59
2022/10/15 0:15,history,3047.2,0,24,19,cloudy,autumn,8.89,9462.59
2022/10/15 0:30,history,3514.1,0,24,19,cloudy,autumn,8.89,9462.59
2022/10/15 0:45,history,3119.2,0,24,19,cloudy,autumn,8.89,9462.59
2022/10/15 1:00,history,3283.2,0,24,19,cloudy,autumn,8.89,9462.59
2022/10/15 1:15,history,3585.2,0,24,19,cloudy,autumn,8.89,9462.59
2022/10/15 1:30,history,3831.7,0,24,19,cloudy,autumn,8.89,9462.59
2022/10/15 1:45,history,4260.9,0,24,19,cloudy,autumn,8.89,9462.59
2022/10/15 2:00,history,4413.4,0,24,19,cloudy,autumn,8.89,9462.59
2022/10/15 2:15,history,4394.1,0,24,19,cloudy,autumn,8.89,9462.59
2022/10/15 2:30,history,4722.6,0,24,19,cloudy,autumn,8.89,9462.59
2022/10/15 2:45,history,4977.2,0,24,19,cloudy,autumn,8.89,9462.59
2022/10/15 3:00,history,5154.7,0,24,19,cloudy,autumn,8.89,9462.59
2022/10/15 3:15,history,5403.9,0,24,19,cloudy,autumn,8.89,9462.59
2022/10/15 3:30,history,5429.3,0,24,19,cloudy,autumn,8.89,9462.59
2022/10/15 3:45,history,4819,0,24,19,cloudy,autumn,8.89,9462.59
2022/10/15 4:00,history,4850.4,0,24,19,cloudy,autumn,8.89,9462.59
2022/10/15 4:15,history,4811.5,0,24,19,cloudy,autumn,8.89,9462.59
2022/10/15 4:30,history,4216.8,0,24,19,cloudy,autumn,8.89,9462.59
2022/10/15 4:45,history,3802.6,0,24,19,cloudy,autumn,8.89,9462.59
2022/10/15 5:00,history,3752.8,0,24,19,cloudy,autumn,8.89,9462.59
2022/10/15 5:15,history,3877.1,0,24,19,cloudy,autumn,8.89,9462.59
2022/10/15 5:30,history,3896.8,0,24,19,cloudy,autumn,8.89,9462.59
2022/10/15 5:45,history,3332.8,0,24,19,cloudy,autumn,8.89,9462.59
2022/10/15 6:00,history,3184.9,0,24,19,cloudy,autumn,8.89,9462.59
2022/10/15 6:15,history,2944.4,0,24,19,cloudy,autumn,8.89,9462.59
2022/10/15 6:30,history,2617.1,0,24,19,cloudy,autumn,8.89,9462.59
2022/10/15 6:45,history,2384.1,0,24,19,cloudy,autumn,8.89,9462.59
2022/10/15 7:00,history,2230.7,0,24,19,cloudy,autumn,8.89,9462.59
2022/10/15 7:15,history,1852.7,0,24,19,cloudy,autumn,8.89,9462.59
2022/10/15 7:30,history,1276.9,0,24,19,cloudy,autumn,8.89,9462.59
2022/10/15 7:45,history,1111.8,0,24,19,cloudy,autumn,8.89,9462.59
2022/10/15 8:00,history,1043.5,0,24,19,cloudy,autumn,8.89,9462.59
2022/10/15 8:15,history,499.7,0,24,19,cloudy,autumn,8.89,9462.59
2022/10/15 8:30,history,431.3,0,24,19,cloudy,autumn,8.89,9462.59
2022/10/15 8:45,history,189.7,0,24,19,cloudy,autumn,8.89,9462.59
2022/10/15 9:00,history,196.6,0,24,19,cloudy,autumn,8.89,9462.59
2022/10/15 9:15,history,33.3,0,24,19,cloudy,autumn,8.89,9462.59
2022/10/15 9:30,history,164.5,0,24,19,cloudy,autumn,8.89,9462.59
2022/10/15 9:45,history,86.5,0,24,19,cloudy,autumn,8.89,9462.59
2022/10/15 10:00,history,15.2,0,24,19,cloudy,autumn,8.89,9462.59
2022/10/15 10:15,history,78.3,0,24,19,cloudy,autumn,8.89,9462.59
2022/10/15 10:30,history,152,0,24,19,cloudy,autumn,8.89,9462.59
2022/10/15 10:45,history,224.9,0,24,19,cloudy,autumn,8.89,9462.59
2022/10/15 11:00,history,201.8,0,24,19,cloudy,autumn,8.89,9462.59
2022/10/15 11:15,history,524,0,24,19,cloudy,autumn,8.89,9462.59
2022/10/15 11:30,history,1008.9,0,24,19,cloudy,autumn,8.89,9462.59
2022/10/15 11:45,history,2579.1,0,24,19,cloudy,autumn,8.89,9462.59
2022/10/15 12:00,history,3036.1,0,24,19,cloudy,autumn,8.89,9462.59
2022/10/15 12:15,history,2934.4,0,24,19,cloudy,autumn,8.89,9462.59
2022/10/15 12:30,history,3064.4,0,24,19,cloudy,autumn,8.89,9462.59
2022/10/15 12:45,history,3544.7,0,24,19,cloudy,autumn,8.89,9462.59
2022/10/15 13:00,history,3377.3,0,24,19,cloudy,autumn,8.89,9462.59
2022/10/15 13:15,history,3344.3,0,24,19,cloudy,autumn,8.89,9462.59
2022/10/15 13:30,history,3342,0,24,19,cloudy,autumn,8.89,9462.59
2022/10/15 13:45,history,2341.9,0,24,19,cloudy,autumn,8.89,9462.59
2022/10/15 14:00,history,1682.2,0,24,19,cloudy,autumn,8.89,9462.59
2022/10/15 14:15,history,1034.9,0,24,19,cloudy,autumn,8.89,9462.59
2022/10/15 14:30,history,903.4,0,24,19,cloudy,autumn,8.89,9462.59
2022/10/15 14:45,history,831.4,0,24,19,cloudy,autumn,8.89,9462.59
2022/10/15 15:00,history,927.7,0,24,19,cloudy,autumn,8.89,9462.59
2022/10/15 15:15,history,1664,0,24,19,cloudy,autumn,8.89,9462.59
2022/10/15 15:30,history,1900.1,0,24,19,cloudy,autumn,8.89,9462.59
2022/10/15 15:45,history,2032.4,0,24,19,cloudy,autumn,8.89,9462.59
2022/10/15 16:00,history,2218.5,0,24,19,cloudy,autumn,8.89,9462.59
2022/10/15 16:15,history,2117.2,0,24,19,cloudy,autumn,8.89,9462.59
2022/10/15 16:30,history,2515.6,0,24,19,cloudy,autumn,8.89,9462.59
2022/10/15 16:45,history,3584.8,0,24,19,cloudy,autumn,8.89,9462.59
2022/10/15 17:00,history,4319.8,0,24,19,cloudy,autumn,8.89,9462.59
2022/10/15 17:15,history,4750.7,0,24,19,cloudy,autumn,8.89,9462.59
2022/10/15 17:30,history,5378,0,24,19,cloudy,autumn,8.89,9462.59
2022/10/15 17:45,history,5389.1,0,24,19,cloudy,autumn,8.89,9462.59
2022/10/15 18:00,history,5602.8,0,24,19,cloudy,autumn,8.89,9462.59
2022/10/15 18:15,history,5083.5,0,24,19,cloudy,autumn,8.89,9462.59
2022/10/15 18:30,history,3993.7,0,24,19,cloudy,autumn,8.89,9462.59
2022/10/15 18:45,history,2598,0,24,19,cloudy,autumn,8.89,9462.59
2022/10/15 19:00,history,1586.5,0,24,19,cloudy,autumn,8.89,9462.59
2022/10/15 19:15,history,931.1,0,24,19,cloudy,autumn,8.89,9462.59
2022/10/15 19:30,history,871.3,0,24,19,cloudy,autumn,8.89,9462.59
2022/10/15 19:45,history,576.5,0,24,19,cloudy,autumn,8.89,9462.59
2022/10/15 20:00,history,746.5,0,24,19,cloudy,autumn,8.89,9462.59
2022/10/15 20:15,history,665.5,0,24,19,cloudy,autumn,8.89,9462.59
2022/10/15 20:30,history,618.8,0,24,19,cloudy,autumn,8.89,9462.59
2022/10/15 20:45,history,647.2,0,24,19,cloudy,autumn,8.89,9462.59
2022/10/15 21:00,history,719.4,0,24,19,cloudy,autumn,8.89,9462.59
2022/10/15 21:15,history,1288.4,0,24,19,cloudy,autumn,8.89,9462.59
2022/10/15 21:30,history,1034.9,0,24,19,cloudy,autumn,8.89,9462.59
2022/10/15 21:45,history,901.5,0,24,19,cloudy,autumn,8.89,9462.59
2022/10/15 22:00,history,1006.2,0,24,19,cloudy,autumn,8.89,9462.59
2022/10/15 22:15,history,1004.1,0,24,19,cloudy,autumn,8.89,9462.59
2022/10/15 22:30,history,625.6,0,24,19,cloudy,autumn,8.89,9462.59
2022/10/15 22:45,history,825.8,0,24,19,cloudy,autumn,8.89,9462.59
2022/10/15 23:00,history,1092.6,0,24,19,cloudy,autumn,8.89,9462.59
2022/10/15 23:15,history,2304.2,0,24,19,cloudy,autumn,8.89,9462.59
2022/10/15 23:30,history,3105.6,0,24,19,cloudy,autumn,8.89,9462.59
2022/10/15 23:45,history,3136.1,0,24,19,cloudy,autumn,8.89,9462.59
2022/10/16 0:00,history,3086.7,1,31,20,cloudy,autumn,8.89,9462.59
2022/10/16 0:15,history,2892.2,1,31,20,cloudy,autumn,8.89,9462.59
2022/10/16 0:30,history,2892.8,1,31,20,cloudy,autumn,8.89,9462.59
2022/10/16 0:45,history,2894.2,1,31,20,cloudy,autumn,8.89,9462.59
2022/10/16 1:00,history,3403.5,1,31,20,cloudy,autumn,8.89,9462.59
2022/10/16 1:15,history,3634.8,1,31,20,cloudy,autumn,8.89,9462.59
2022/10/16 1:30,history,3635,1,31,20,cloudy,autumn,8.89,9462.59
2022/10/16 1:45,history,3485,1,31,20,cloudy,autumn,8.89,9462.59
2022/10/16 2:00,history,3234.3,1,31,20,cloudy,autumn,8.89,9462.59
2022/10/16 2:15,history,3332.3,1,31,20,cloudy,autumn,8.89,9462.59
2022/10/16 2:30,history,3271,1,31,20,cloudy,autumn,8.89,9462.59
2022/10/16 2:45,history,3028.5,1,31,20,cloudy,autumn,8.89,9462.59
2022/10/16 3:00,history,2662.5,1,31,20,cloudy,autumn,8.89,9462.59
2022/10/16 3:15,history,2983.4,1,31,20,cloudy,autumn,8.89,9462.59
2022/10/16 3:30,history,2932,1,31,20,cloudy,autumn,8.89,9462.59
2022/10/16 3:45,history,2842.4,1,31,20,cloudy,autumn,8.89,9462.59
2022/10/16 4:00,history,2881.8,1,31,20,cloudy,autumn,8.89,9462.59
2022/10/16 4:15,history,3083.7,1,31,20,cloudy,autumn,8.89,9462.59
2022/10/16 4:30,history,2912.6,1,31,20,cloudy,autumn,8.89,9462.59
2022/10/16 4:45,history,2687.4,1,31,20,cloudy,autumn,8.89,9462.59
2022/10/16 5:00,history,3088.6,1,31,20,cloudy,autumn,8.89,9462.59
2022/10/16 5:15,history,3401.8,1,31,20,cloudy,autumn,8.89,9462.59
2022/10/16 5:30,history,3608.9,1,31,20,cloudy,autumn,8.89,9462.59
2022/10/16 5:45,history,3381.8,1,31,20,cloudy,autumn,8.89,9462.59
2022/10/16 6:00,history,3028.1,1,31,20,cloudy,autumn,8.89,9462.59
2022/10/16 6:15,history,2372.9,1,31,20,cloudy,autumn,8.89,9462.59
2022/10/16 6:30,history,1913.8,1,31,20,cloudy,autumn,8.89,9462.59
2022/10/16 6:45,history,1467.9,1,31,20,cloudy,autumn,8.89,9462.59
2022/10/16 7:00,history,1259.4,1,31,20,cloudy,autumn,8.89,9462.59
2022/10/16 7:15,history,871.2,1,31,20,cloudy,autumn,8.89,9462.59
2022/10/16 7:30,history,527.9,1,31,20,cloudy,autumn,8.89,9462.59
2022/10/16 7:45,history,335.5,1,31,20,cloudy,autumn,8.89,9462.59
2022/10/16 8:00,history,340.8,1,31,20,cloudy,autumn,8.89,9462.59
2022/10/16 8:15,history,310.1,1,31,20,cloudy,autumn,8.89,9462.59
2022/10/16 8:30,history,126.7,1,31,20,cloudy,autumn,8.89,9462.59
2022/10/16 8:45,history,100.2,1,31,20,cloudy,autumn,8.89,9462.59
2022/10/16 9:00,history,138.4,1,31,20,cloudy,autumn,8.89,9462.59
2022/10/16 9:15,history,88.4,1,31,20,cloudy,autumn,8.89,9462.59
2022/10/16 9:30,history,72.5,1,31,20,cloudy,autumn,8.89,9462.59
2022/10/16 9:45,history,44.4,1,31,20,cloudy,autumn,8.89,9462.59
2022/10/16 10:00,history,61.5,1,31,20,cloudy,autumn,8.89,9462.59
2022/10/16 10:15,history,204,1,31,20,cloudy,autumn,8.89,9462.59
2022/10/16 10:30,history,153.4,1,31,20,cloudy,autumn,8.89,9462.59
2022/10/16 10:45,history,185.5,1,31,20,cloudy,autumn,8.89,9462.59
2022/10/16 11:00,history,533.1,1,31,20,cloudy,autumn,8.89,9462.59
2022/10/16 11:15,history,830.6,1,31,20,cloudy,autumn,8.89,9462.59
2022/10/16 11:30,history,1645.6,1,31,20,cloudy,autumn,8.89,9462.59
2022/10/16 11:45,history,3536.6,1,31,20,cloudy,autumn,8.89,9462.59
2022/10/16 12:00,history,4424.2,1,31,20,cloudy,autumn,8.89,9462.59
2022/10/16 12:15,history,4782.3,1,31,20,cloudy,autumn,8.89,9462.59
2022/10/16 12:30,history,4870.3,1,31,20,cloudy,autumn,8.89,9462.59
2022/10/16 12:45,history,4655.1,1,31,20,cloudy,autumn,8.89,9462.59
2022/10/16 13:00,history,4536.5,1,31,20,cloudy,autumn,8.89,9462.59
2022/10/16 13:15,history,4053.4,1,31,20,cloudy,autumn,8.89,9462.59
2022/10/16 13:30,history,3841.5,1,31,20,cloudy,autumn,8.89,9462.59
2022/10/16 13:45,history,2802,1,31,20,cloudy,autumn,8.89,9462.59
2022/10/16 14:00,history,1645.9,1,31,20,cloudy,autumn,8.89,9462.59
2022/10/16 14:15,history,762.7,1,31,20,cloudy,autumn,8.89,9462.59
2022/10/16 14:30,history,624.1,1,31,20,cloudy,autumn,8.89,9462.59
2022/10/16 14:45,history,593.4,1,31,20,cloudy,autumn,8.89,9462.59
2022/10/16 15:00,history,1011.4,1,31,20,cloudy,autumn,8.89,9462.59
2022/10/16 15:15,history,1515.4,1,31,20,cloudy,autumn,8.89,9462.59
2022/10/16 15:30,history,1860.2,1,31,20,cloudy,autumn,8.89,9462.59
2022/10/16 15:45,history,1838.3,1,31,20,cloudy,autumn,8.89,9462.59
2022/10/16 16:00,history,1937.1,1,31,20,cloudy,autumn,8.89,9462.59
2022/10/16 16:15,history,2439.2,1,31,20,cloudy,autumn,8.89,9462.59
2022/10/16 16:30,history,2438.5,1,31,20,cloudy,autumn,8.89,9462.59
2022/10/16 16:45,history,3946.4,1,31,20,cloudy,autumn,8.89,9462.59
2022/10/16 17:00,history,4602.5,1,31,20,cloudy,autumn,8.89,9462.59
2022/10/16 17:15,history,5130.6,1,31,20,cloudy,autumn,8.89,9462.59
2022/10/16 17:30,history,5649.6,1,31,20,cloudy,autumn,8.89,9462.59
2022/10/16 17:45,history,5422.6,1,31,20,cloudy,autumn,8.89,9462.59
2022/10/16 18:00,history,4837.9,1,31,20,cloudy,autumn,8.89,9462.59
2022/10/16 18:15,history,4625,1,31,20,cloudy,autumn,8.89,9462.59
2022/10/16 18:30,history,3522.9,1,31,20,cloudy,autumn,8.89,9462.59
2022/10/16 18:45,history,2577.2,1,31,20,cloudy,autumn,8.89,9462.59
2022/10/16 19:00,history,1796.3,1,31,20,cloudy,autumn,8.89,9462.59
2022/10/16 19:15,history,1198.4,1,31,20,cloudy,autumn,8.89,9462.59
2022/10/16 19:30,history,1056.9,1,31,20,cloudy,autumn,8.89,9462.59
2022/10/16 19:45,history,888,1,31,20,cloudy,autumn,8.89,9462.59
2022/10/16 20:00,history,601.8,1,31,20,cloudy,autumn,8.89,9462.59
2022/10/16 20:15,history,475.9,1,31,20,cloudy,autumn,8.89,9462.59
2022/10/16 20:30,history,757.8,1,31,20,cloudy,autumn,8.89,9462.59
2022/10/16 20:45,history,607.4,1,31,20,cloudy,autumn,8.89,9462.59
2022/10/16 21:00,history,713.4,1,31,20,cloudy,autumn,8.89,9462.59
2022/10/16 21:15,history,1248.6,1,31,20,cloudy,autumn,8.89,9462.59
2022/10/16 21:30,history,1113.2,1,31,20,cloudy,autumn,8.89,9462.59
2022/10/16 21:45,history,869.9,1,31,20,cloudy,autumn,8.89,9462.59
2022/10/16 22:00,history,810.1,1,31,20,cloudy,autumn,8.89,9462.59
2022/10/16 22:15,history,1137.8,1,31,20,cloudy,autumn,8.89,9462.59
2022/10/16 22:30,history,1107.1,1,31,20,cloudy,autumn,8.89,9462.59
2022/10/16 22:45,history,1221.8,1,31,20,cloudy,autumn,8.89,9462.59
2022/10/16 23:00,history,1118.1,1,31,20,cloudy,autumn,8.89,9462.59
2022/10/16 23:15,history,2096.8,1,31,20,cloudy,autumn,8.89,9462.59
2022/10/16 23:30,history,2396.1,1,31,20,cloudy,autumn,8.89,9462.59
2022/10/16 23:45,history,2595.6,1,31,20,cloudy,autumn,8.89,9462.59
2022/10/17 0:00,history,2642.6,1,27,21,cloudy,autumn,8.89,9462.59
2022/10/17 0:15,history,2989.1,1,27,21,cloudy,autumn,8.89,9462.59
2022/10/17 0:30,history,3336.5,1,27,21,cloudy,autumn,8.89,9462.59
2022/10/17 0:45,history,3620.2,1,27,21,cloudy,autumn,8.89,9462.59
2022/10/17 1:00,history,3862.4,1,27,21,cloudy,autumn,8.89,9462.59
2022/10/17 1:15,history,3602.7,1,27,21,cloudy,autumn,8.89,9462.59
2022/10/17 1:30,history,3328.9,1,27,21,cloudy,autumn,8.89,9462.59
2022/10/17 1:45,history,3152.9,1,27,21,cloudy,autumn,8.89,9462.59
2022/10/17 2:00,history,3064.1,1,27,21,cloudy,autumn,8.89,9462.59
2022/10/17 2:15,history,3256.2,1,27,21,cloudy,autumn,8.89,9462.59
2022/10/17 2:30,history,3292.9,1,27,21,cloudy,autumn,8.89,9462.59
2022/10/17 2:45,history,3299.3,1,27,21,cloudy,autumn,8.89,9462.59
2022/10/17 3:00,history,3168.3,1,27,21,cloudy,autumn,8.89,9462.59
2022/10/17 3:15,history,3026.5,1,27,21,cloudy,autumn,8.89,9462.59
2022/10/17 3:30,history,3166.7,1,27,21,cloudy,autumn,8.89,9462.59
2022/10/17 3:45,history,2971.3,1,27,21,cloudy,autumn,8.89,9462.59
2022/10/17 4:00,history,2694.6,1,27,21,cloudy,autumn,8.89,9462.59
2022/10/17 4:15,history,2549.6,1,27,21,cloudy,autumn,8.89,9462.59
2022/10/17 4:30,history,2573.8,1,27,21,cloudy,autumn,8.89,9462.59
2022/10/17 4:45,history,2590.3,1,27,21,cloudy,autumn,8.89,9462.59
2022/10/17 5:00,history,3158.2,1,27,21,cloudy,autumn,8.89,9462.59
2022/10/17 5:15,history,3631.7,1,27,21,cloudy,autumn,8.89,9462.59
2022/10/17 5:30,history,4271.6,1,27,21,cloudy,autumn,8.89,9462.59
2022/10/17 5:45,history,4128.4,1,27,21,cloudy,autumn,8.89,9462.59
2022/10/17 6:00,history,4018.6,1,27,21,cloudy,autumn,8.89,9462.59
2022/10/17 6:15,history,3123.8,1,27,21,cloudy,autumn,8.89,9462.59
2022/10/17 6:30,history,2654.8,1,27,21,cloudy,autumn,8.89,9462.59
2022/10/17 6:45,history,2014.6,1,27,21,cloudy,autumn,8.89,9462.59
2022/10/17 7:00,history,1538.4,1,27,21,cloudy,autumn,8.89,9462.59
2022/10/17 7:15,history,790,1,27,21,cloudy,autumn,8.89,9462.59
2022/10/17 7:30,history,527.1,1,27,21,cloudy,autumn,8.89,9462.59
2022/10/17 7:45,history,441.6,1,27,21,cloudy,autumn,8.89,9462.59
2022/10/17 8:00,history,449.1,1,27,21,cloudy,autumn,8.89,9462.59
2022/10/17 8:15,history,311.1,1,27,21,cloudy,autumn,8.89,9462.59
2022/10/17 8:30,history,316.6,1,27,21,cloudy,autumn,8.89,9462.59
2022/10/17 8:45,history,205.9,1,27,21,cloudy,autumn,8.89,9462.59
2022/10/17 9:00,history,75.6,1,27,21,cloudy,autumn,8.89,9462.59
2022/10/17 9:15,history,108.8,1,27,21,cloudy,autumn,8.89,9462.59
2022/10/17 9:30,history,66.6,1,27,21,cloudy,autumn,8.89,9462.59
2022/10/17 9:45,history,165.1,1,27,21,cloudy,autumn,8.89,9462.59
2022/10/17 10:00,history,184,1,27,21,cloudy,autumn,8.89,9462.59
2022/10/17 10:15,history,69.5,1,27,21,cloudy,autumn,8.89,9462.59
2022/10/17 10:30,history,195.1,1,27,21,cloudy,autumn,8.89,9462.59
2022/10/17 10:45,history,241.2,1,27,21,cloudy,autumn,8.89,9462.59
2022/10/17 11:00,history,422.6,1,27,21,cloudy,autumn,8.89,9462.59
2022/10/17 11:15,history,690.9,1,27,21,cloudy,autumn,8.89,9462.59
2022/10/17 11:30,history,1798.3,1,27,21,cloudy,autumn,8.89,9462.59
2022/10/17 11:45,history,3474.8,1,27,21,cloudy,autumn,8.89,9462.59
2022/10/17 12:00,history,4287.1,1,27,21,cloudy,autumn,8.89,9462.59
2022/10/17 12:15,history,4904.1,1,27,21,cloudy,autumn,8.89,9462.59
2022/10/17 12:30,history,5009.7,1,27,21,cloudy,autumn,8.89,9462.59
2022/10/17 12:45,history,5693,1,27,21,cloudy,autumn,8.89,9462.59
2022/10/17 13:00,history,5634.2,1,27,21,cloudy,autumn,8.89,9462.59
2022/10/17 13:15,history,4737.9,1,27,21,cloudy,autumn,8.89,9462.59
2022/10/17 13:30,history,4655.2,1,27,21,cloudy,autumn,8.89,9462.59
2022/10/17 13:45,history,2994.2,1,27,21,cloudy,autumn,8.89,9462.59
2022/10/17 14:00,history,1650.8,1,27,21,cloudy,autumn,8.89,9462.59
2022/10/17 14:15,history,937.7,1,27,21,cloudy,autumn,8.89,9462.59
2022/10/17 14:30,history,792.4,1,27,21,cloudy,autumn,8.89,9462.59
2022/10/17 14:45,history,908.2,1,27,21,cloudy,autumn,8.89,9462.59
2022/10/17 15:00,history,1280.3,1,27,21,cloudy,autumn,8.89,9462.59
2022/10/17 15:15,history,1729.3,1,27,21,cloudy,autumn,8.89,9462.59
2022/10/17 15:30,history,2037.6,1,27,21,cloudy,autumn,8.89,9462.59
2022/10/17 15:45,history,1965.6,1,27,21,cloudy,autumn,8.89,9462.59
2022/10/17 16:00,history,1931.9,1,27,21,cloudy,autumn,8.89,9462.59
2022/10/17 16:15,history,2002.6,1,27,21,cloudy,autumn,8.89,9462.59
2022/10/17 16:30,history,2327.9,1,27,21,cloudy,autumn,8.89,9462.59
2022/10/17 16:45,history,3709.1,1,27,21,cloudy,autumn,8.89,9462.59
2022/10/17 17:00,history,4385.2,1,27,21,cloudy,autumn,8.89,9462.59
2022/10/17 17:15,history,5003.7,1,27,21,cloudy,autumn,8.89,9462.59
2022/10/17 17:30,history,5460.7,1,27,21,cloudy,autumn,8.89,9462.59
2022/10/17 17:45,history,5539.5,1,27,21,cloudy,autumn,8.89,9462.59
2022/10/17 18:00,history,4423,1,27,21,cloudy,autumn,8.89,9462.59
2022/10/17 18:15,history,3360.1,1,27,21,cloudy,autumn,8.89,9462.59
2022/10/17 18:30,history,2504.5,1,27,21,cloudy,autumn,8.89,9462.59
2022/10/17 18:45,history,1646.9,1,27,21,cloudy,autumn,8.89,9462.59
2022/10/17 19:00,history,1205.5,1,27,21,cloudy,autumn,8.89,9462.59
2022/10/17 19:15,history,744.5,1,27,21,cloudy,autumn,8.89,9462.59
2022/10/17 19:30,history,638.6,1,27,21,cloudy,autumn,8.89,9462.59
2022/10/17 19:45,history,553.9,1,27,21,cloudy,autumn,8.89,9462.59
2022/10/17 20:00,history,481.4,1,27,21,cloudy,autumn,8.89,9462.59
2022/10/17 20:15,history,597.4,1,27,21,cloudy,autumn,8.89,9462.59
2022/10/17 20:30,history,705.1,1,27,21,cloudy,autumn,8.89,9462.59
2022/10/17 20:45,history,528.4,1,27,21,cloudy,autumn,8.89,9462.59
2022/10/17 21:00,history,626.8,1,27,21,cloudy,autumn,8.89,9462.59
2022/10/17 21:15,history,1070,1,27,21,cloudy,autumn,8.89,9462.59
2022/10/17 21:30,history,1200.2,1,27,21,cloudy,autumn,8.89,9462.59
2022/10/17 21:45,history,1117.3,1,27,21,cloudy,autumn,8.89,9462.59
2022/10/17 22:00,history,1169,1,27,21,cloudy,autumn,8.89,9462.59
2022/10/17 22:15,history,1139.5,1,27,21,cloudy,autumn,8.89,9462.59
2022/10/17 22:30,history,985.2,1,27,21,cloudy,autumn,8.89,9462.59
2022/10/17 22:45,history,1367.3,1,27,21,cloudy,autumn,8.89,9462.59
2022/10/17 23:00,history,1605.6,1,27,21,cloudy,autumn,8.89,9462.59
2022/10/17 23:15,history,2441.3,1,27,21,cloudy,autumn,8.89,9462.59
2022/10/17 23:30,history,3126.9,1,27,21,cloudy,autumn,8.89,9462.59
2022/10/17 23:45,history,3170.7,1,27,21,cloudy,autumn,8.89,9462.59
2022/10/18 0:00,history,3130.6,1,28,21,sunny,autumn,8.89,9462.59
2022/10/18 0:15,history,3304.7,1,28,21,sunny,autumn,8.89,9462.59
2022/10/18 0:30,history,3390.6,1,28,21,sunny,autumn,8.89,9462.59
2022/10/18 0:45,history,3738.3,1,28,21,sunny,autumn,8.89,9462.59
2022/10/18 1:00,history,3669.4,1,28,21,sunny,autumn,8.89,9462.59
2022/10/18 1:15,history,3350.6,1,28,21,sunny,autumn,8.89,9462.59
2022/10/18 1:30,history,2998,1,28,21,sunny,autumn,8.89,9462.59
2022/10/18 1:45,history,2911.3,1,28,21,sunny,autumn,8.89,9462.59
2022/10/18 2:00,history,3072.2,1,28,21,sunny,autumn,8.89,9462.59
2022/10/18 2:15,history,3195.6,1,28,21,sunny,autumn,8.89,9462.59
2022/10/18 2:30,history,3064.6,1,28,21,sunny,autumn,8.89,9462.59
2022/10/18 2:45,history,2740,1,28,21,sunny,autumn,8.89,9462.59
2022/10/18 3:00,history,3033.7,1,28,21,sunny,autumn,8.89,9462.59
2022/10/18 3:15,history,3104.7,1,28,21,sunny,autumn,8.89,9462.59
2022/10/18 3:30,history,3334.8,1,28,21,sunny,autumn,8.89,9462.59
2022/10/18 3:45,history,3193.5,1,28,21,sunny,autumn,8.89,9462.59
2022/10/18 4:00,history,3313.8,1,28,21,sunny,autumn,8.89,9462.59
2022/10/18 4:15,history,3011.3,1,28,21,sunny,autumn,8.89,9462.59
2022/10/18 4:30,history,3668.1,1,28,21,sunny,autumn,8.89,9462.59
2022/10/18 4:45,history,3709.6,1,28,21,sunny,autumn,8.89,9462.59
2022/10/18 5:00,history,4099,1,28,21,sunny,autumn,8.89,9462.59
2022/10/18 5:15,history,4009.6,1,28,21,sunny,autumn,8.89,9462.59
2022/10/18 5:30,history,4332.1,1,28,21,sunny,autumn,8.89,9462.59
2022/10/18 5:45,history,4408.4,1,28,21,sunny,autumn,8.89,9462.59
2022/10/18 6:00,history,4198.5,1,28,21,sunny,autumn,8.89,9462.59
2022/10/18 6:15,history,3856.2,1,28,21,sunny,autumn,8.89,9462.59
2022/10/18 6:30,history,3079.7,1,28,21,sunny,autumn,8.89,9462.59
2022/10/18 6:45,history,2272.6,1,28,21,sunny,autumn,8.89,9462.59
2022/10/18 7:00,history,1656.4,1,28,21,sunny,autumn,8.89,9462.59
2022/10/18 7:15,history,1049.8,1,28,21,sunny,autumn,8.89,9462.59
2022/10/18 7:30,history,463.2,1,28,21,sunny,autumn,8.89,9462.59
2022/10/18 7:45,history,376.3,1,28,21,sunny,autumn,8.89,9462.59
2022/10/18 8:00,history,333.4,1,28,21,sunny,autumn,8.89,9462.59
2022/10/18 8:15,history,331.8,1,28,21,sunny,autumn,8.89,9462.59
2022/10/18 8:30,history,158.3,1,28,21,sunny,autumn,8.89,9462.59
2022/10/18 8:45,history,159.3,1,28,21,sunny,autumn,8.89,9462.59
2022/10/18 9:00,history,81.2,1,28,21,sunny,autumn,8.89,9462.59
2022/10/18 9:15,history,40.3,1,28,21,sunny,autumn,8.89,9462.59
2022/10/18 9:30,history,14.6,1,28,21,sunny,autumn,8.89,9462.59
2022/10/18 9:45,history,118.7,1,28,21,sunny,autumn,8.89,9462.59
2022/10/18 10:00,history,163.6,1,28,21,sunny,autumn,8.89,9462.59
2022/10/18 10:15,history,246.4,1,28,21,sunny,autumn,8.89,9462.59
2022/10/18 10:30,history,168.3,1,28,21,sunny,autumn,8.89,9462.59
2022/10/18 10:45,history,390.1,1,28,21,sunny,autumn,8.89,9462.59
2022/10/18 11:00,history,646.3,1,28,21,sunny,autumn,8.89,9462.59
2022/10/18 11:15,history,1029.6,1,28,21,sunny,autumn,8.89,9462.59
2022/10/18 11:30,history,1810.9,1,28,21,sunny,autumn,8.89,9462.59
2022/10/18 11:45,history,3683.9,1,28,21,sunny,autumn,8.89,9462.59
2022/10/18 12:00,history,4135.2,1,28,21,sunny,autumn,8.89,9462.59
2022/10/18 12:15,history,4002.9,1,28,21,sunny,autumn,8.89,9462.59
2022/10/18 12:30,history,4987.9,1,28,21,sunny,autumn,8.89,9462.59
2022/10/18 12:45,history,5257,1,28,21,sunny,autumn,8.89,9462.59
2022/10/18 13:00,history,5272.8,1,28,21,sunny,autumn,8.89,9462.59
2022/10/18 13:15,history,4905.7,1,28,21,sunny,autumn,8.89,9462.59
2022/10/18 13:30,history,4065.3,1,28,21,sunny,autumn,8.89,9462.59
2022/10/18 13:45,history,3453.4,1,28,21,sunny,autumn,8.89,9462.59
2022/10/18 14:00,history,2161,1,28,21,sunny,autumn,8.89,9462.59
2022/10/18 14:15,history,981.9,1,28,21,sunny,autumn,8.89,9462.59
2022/10/18 14:30,history,615.6,1,28,21,sunny,autumn,8.89,9462.59
2022/10/18 14:45,history,700.4,1,28,21,sunny,autumn,8.89,9462.59
2022/10/18 15:00,history,1238,1,28,21,sunny,autumn,8.89,9462.59
2022/10/18 15:15,history,1861,1,28,21,sunny,autumn,8.89,9462.59
2022/10/18 15:30,history,2149.5,1,28,21,sunny,autumn,8.89,9462.59
2022/10/18 15:45,history,2207,1,28,21,sunny,autumn,8.89,9462.59
2022/10/18 16:00,history,2115.4,1,28,21,sunny,autumn,8.89,9462.59
2022/10/18 16:15,history,1960.1,1,28,21,sunny,autumn,8.89,9462.59
2022/10/18 16:30,history,2536,1,28,21,sunny,autumn,8.89,9462.59
2022/10/18 16:45,history,3581.7,1,28,21,sunny,autumn,8.89,9462.59
2022/10/18 17:00,history,4176.6,1,28,21,sunny,autumn,8.89,9462.59
2022/10/18 17:15,history,5184.8,1,28,21,sunny,autumn,8.89,9462.59
2022/10/18 17:30,history,5460.1,1,28,21,sunny,autumn,8.89,9462.59
2022/10/18 17:45,history,5618.6,1,28,21,sunny,autumn,8.89,9462.59
2022/10/18 18:00,history,5212.3,1,28,21,sunny,autumn,8.89,9462.59
2022/10/18 18:15,history,4251.1,1,28,21,sunny,autumn,8.89,9462.59
2022/10/18 18:30,history,2815.4,1,28,21,sunny,autumn,8.89,9462.59
2022/10/18 18:45,history,1694.1,1,28,21,sunny,autumn,8.89,9462.59
2022/10/18 19:00,history,1151.7,1,28,21,sunny,autumn,8.89,9462.59
2022/10/18 19:15,history,852.9,1,28,21,sunny,autumn,8.89,9462.59
2022/10/18 19:30,history,692.9,1,28,21,sunny,autumn,8.89,9462.59
2022/10/18 19:45,history,719.9,1,28,21,sunny,autumn,8.89,9462.59
2022/10/18 20:00,history,688.9,1,28,21,sunny,autumn,8.89,9462.59
2022/10/18 20:15,history,757.3,1,28,21,sunny,autumn,8.89,9462.59
2022/10/18 20:30,history,754.1,1,28,21,sunny,autumn,8.89,9462.59
2022/10/18 20:45,history,776.4,1,28,21,sunny,autumn,8.89,9462.59
2022/10/18 21:00,history,469.7,1,28,21,sunny,autumn,8.89,9462.59
2022/10/18 21:15,history,791.8,1,28,21,sunny,autumn,8.89,9462.59
2022/10/18 21:30,history,833.7,1,28,21,sunny,autumn,8.89,9462.59
2022/10/18 21:45,history,920.8,1,28,21,sunny,autumn,8.89,9462.59
2022/10/18 22:00,history,1145,1,28,21,sunny,autumn,8.89,9462.59
2022/10/18 22:15,history,1118,1,28,21,sunny,autumn,8.89,9462.59
2022/10/18 22:30,history,1004.5,1,28,21,sunny,autumn,8.89,9462.59
2022/10/18 22:45,history,853,1,28,21,sunny,autumn,8.89,9462.59
2022/10/18 23:00,history,805.5,1,28,21,sunny,autumn,8.89,9462.59
2022/10/18 23:15,history,2233.8,1,28,21,sunny,autumn,8.89,9462.59
2022/10/18 23:30,history,2893.6,1,28,21,sunny,autumn,8.89,9462.59
2022/10/18 23:45,history,3448,1,28,21,sunny,autumn,8.89,9462.59
2022/10/19 0:00,history,3498.1,1,19,16,cloudy,autumn,8.89,9462.59
2022/10/19 0:15,history,3193.8,1,19,16,cloudy,autumn,8.89,9462.59
2022/10/19 0:30,history,3846.5,1,19,16,cloudy,autumn,8.89,9462.59
2022/10/19 0:45,history,3606.6,1,19,16,cloudy,autumn,8.89,9462.59
2022/10/19 1:00,history,3368,1,19,16,cloudy,autumn,8.89,9462.59
2022/10/19 1:15,history,2940.6,1,19,16,cloudy,autumn,8.89,9462.59
2022/10/19 1:30,history,2904.7,1,19,16,cloudy,autumn,8.89,9462.59
2022/10/19 1:45,history,2928.6,1,19,16,cloudy,autumn,8.89,9462.59
2022/10/19 2:00,history,2783.4,1,19,16,cloudy,autumn,8.89,9462.59
2022/10/19 2:15,history,3023,1,19,16,cloudy,autumn,8.89,9462.59
2022/10/19 2:30,history,2928.1,1,19,16,cloudy,autumn,8.89,9462.59
2022/10/19 2:45,history,2729.9,1,19,16,cloudy,autumn,8.89,9462.59
2022/10/19 3:00,history,3161.8,1,19,16,cloudy,autumn,8.89,9462.59
2022/10/19 3:15,history,3160.8,1,19,16,cloudy,autumn,8.89,9462.59
2022/10/19 3:30,history,3602.8,1,19,16,cloudy,autumn,8.89,9462.59
2022/10/19 3:45,history,3645.4,1,19,16,cloudy,autumn,8.89,9462.59
2022/10/19 4:00,history,4108.9,1,19,16,cloudy,autumn,8.89,9462.59
2022/10/19 4:15,history,4165,1,19,16,cloudy,autumn,8.89,9462.59
2022/10/19 4:30,history,3908.2,1,19,16,cloudy,autumn,8.89,9462.59
2022/10/19 4:45,history,3980.9,1,19,16,cloudy,autumn,8.89,9462.59
2022/10/19 5:00,history,4221.8,1,19,16,cloudy,autumn,8.89,9462.59
2022/10/19 5:15,history,4478.8,1,19,16,cloudy,autumn,8.89,9462.59
2022/10/19 5:30,history,4464.8,1,19,16,cloudy,autumn,8.89,9462.59
2022/10/19 5:45,history,4441.7,1,19,16,cloudy,autumn,8.89,9462.59
2022/10/19 6:00,history,4309.2,1,19,16,cloudy,autumn,8.89,9462.59
2022/10/19 6:15,history,3878,1,19,16,cloudy,autumn,8.89,9462.59
2022/10/19 6:30,history,3013.1,1,19,16,cloudy,autumn,8.89,9462.59
2022/10/19 6:45,history,2277.8,1,19,16,cloudy,autumn,8.89,9462.59
2022/10/19 7:00,history,1884.9,1,19,16,cloudy,autumn,8.89,9462.59
2022/10/19 7:15,history,1283.2,1,19,16,cloudy,autumn,8.89,9462.59
2022/10/19 7:30,history,856.1,1,19,16,cloudy,autumn,8.89,9462.59
2022/10/19 7:45,history,329.8,1,19,16,cloudy,autumn,8.89,9462.59
2022/10/19 8:00,history,354.9,1,19,16,cloudy,autumn,8.89,9462.59
2022/10/19 8:15,history,341.6,1,19,16,cloudy,autumn,8.89,9462.59
2022/10/19 8:30,history,334.7,1,19,16,cloudy,autumn,8.89,9462.59
2022/10/19 8:45,history,137.5,1,19,16,cloudy,autumn,8.89,9462.59
2022/10/19 9:00,history,73.9,1,19,16,cloudy,autumn,8.89,9462.59
2022/10/19 9:15,history,200.6,1,19,16,cloudy,autumn,8.89,9462.59
2022/10/19 9:30,history,187.6,1,19,16,cloudy,autumn,8.89,9462.59
2022/10/19 9:45,history,189.7,1,19,16,cloudy,autumn,8.89,9462.59
2022/10/19 10:00,history,241,1,19,16,cloudy,autumn,8.89,9462.59
2022/10/19 10:15,history,236.6,1,19,16,cloudy,autumn,8.89,9462.59
2022/10/19 10:30,history,199.9,1,19,16,cloudy,autumn,8.89,9462.59
2022/10/19 10:45,history,319,1,19,16,cloudy,autumn,8.89,9462.59
2022/10/19 11:00,history,589.5,1,19,16,cloudy,autumn,8.89,9462.59
2022/10/19 11:15,history,914.8,1,19,16,cloudy,autumn,8.89,9462.59
2022/10/19 11:30,history,1209,1,19,16,cloudy,autumn,8.89,9462.59
2022/10/19 11:45,history,3189.3,1,19,16,cloudy,autumn,8.89,9462.59
2022/10/19 12:00,history,4265.7,1,19,16,cloudy,autumn,8.89,9462.59
2022/10/19 12:15,history,5031.6,1,19,16,cloudy,autumn,8.89,9462.59
2022/10/19 12:30,history,5042.5,1,19,16,cloudy,autumn,8.89,9462.59
2022/10/19 12:45,history,4821.5,1,19,16,cloudy,autumn,8.89,9462.59
2022/10/19 13:00,history,5445.4,1,19,16,cloudy,autumn,8.89,9462.59
2022/10/19 13:15,history,5002.4,1,19,16,cloudy,autumn,8.89,9462.59
2022/10/19 13:30,history,4083.9,1,19,16,cloudy,autumn,8.89,9462.59
2022/10/19 13:45,history,3066.7,1,19,16,cloudy,autumn,8.89,9462.59
2022/10/19 14:00,history,1542.2,1,19,16,cloudy,autumn,8.89,9462.59
2022/10/19 14:15,history,1118.3,1,19,16,cloudy,autumn,8.89,9462.59
2022/10/19 14:30,history,720,1,19,16,cloudy,autumn,8.89,9462.59
2022/10/19 14:45,history,660,1,19,16,cloudy,autumn,8.89,9462.59
2022/10/19 15:00,history,1271.5,1,19,16,cloudy,autumn,8.89,9462.59
2022/10/19 15:15,history,1715,1,19,16,cloudy,autumn,8.89,9462.59
2022/10/19 15:30,history,1999.2,1,19,16,cloudy,autumn,8.89,9462.59
2022/10/19 15:45,history,1904.2,1,19,16,cloudy,autumn,8.89,9462.59
2022/10/19 16:00,history,2043.6,1,19,16,cloudy,autumn,8.89,9462.59
2022/10/19 16:15,history,1758.9,1,19,16,cloudy,autumn,8.89,9462.59
2022/10/19 16:30,history,2632.6,1,19,16,cloudy,autumn,8.89,9462.59
2022/10/19 16:45,history,3837.4,1,19,16,cloudy,autumn,8.89,9462.59
2022/10/19 17:00,history,4190,1,19,16,cloudy,autumn,8.89,9462.59
2022/10/19 17:15,history,4906,1,19,16,cloudy,autumn,8.89,9462.59
2022/10/19 17:30,history,4572.2,1,19,16,cloudy,autumn,8.89,9462.59
2022/10/19 17:45,history,4778.2,1,19,16,cloudy,autumn,8.89,9462.59
2022/10/19 18:00,history,4288.4,1,19,16,cloudy,autumn,8.89,9462.59
2022/10/19 18:15,history,4046.6,1,19,16,cloudy,autumn,8.89,9462.59
2022/10/19 18:30,history,2917.8,1,19,16,cloudy,autumn,8.89,9462.59
2022/10/19 18:45,history,2033.2,1,19,16,cloudy,autumn,8.89,9462.59
2022/10/19 19:00,history,925.9,1,19,16,cloudy,autumn,8.89,9462.59
2022/10/19 19:15,history,938.4,1,19,16,cloudy,autumn,8.89,9462.59
2022/10/19 19:30,history,812.1,1,19,16,cloudy,autumn,8.89,9462.59
2022/10/19 19:45,history,583.2,1,19,16,cloudy,autumn,8.89,9462.59
2022/10/19 20:00,history,498.1,1,19,16,cloudy,autumn,8.89,9462.59
2022/10/19 20:15,history,519.7,1,19,16,cloudy,autumn,8.89,9462.59
2022/10/19 20:30,history,422,1,19,16,cloudy,autumn,8.89,9462.59
2022/10/19 20:45,history,502.1,1,19,16,cloudy,autumn,8.89,9462.59
2022/10/19 21:00,history,469.8,1,19,16,cloudy,autumn,8.89,9462.59
2022/10/19 21:15,history,1010,1,19,16,cloudy,autumn,8.89,9462.59
2022/10/19 21:30,history,1043,1,19,16,cloudy,autumn,8.89,9462.59
2022/10/19 21:45,history,1064.9,1,19,16,cloudy,autumn,8.89,9462.59
2022/10/19 22:00,history,876,1,19,16,cloudy,autumn,8.89,9462.59
2022/10/19 22:15,history,822.6,1,19,16,cloudy,autumn,8.89,9462.59
2022/10/19 22:30,history,836.3,1,19,16,cloudy,autumn,8.89,9462.59
2022/10/19 22:45,history,1059.5,1,19,16,cloudy,autumn,8.89,9462.59
2022/10/19 23:00,history,1350.2,1,19,16,cloudy,autumn,8.89,9462.59
2022/10/19 23:15,history,2332.7,1,19,16,cloudy,autumn,8.89,9462.59
2022/10/19 23:30,history,2843.2,1,19,16,cloudy,autumn,8.89,9462.59
2022/10/19 23:45,history,2905.4,1,19,16,cloudy,autumn,8.89,9462.59
2022/10/20 0:00,history,2752.6,1,26,18,light rain to moderate rain,autumn,8.89,9462.59
2022/10/20 0:15,history,2968.8,1,26,18,light rain to moderate rain,autumn,8.89,9462.59
2022/10/20 0:30,history,3190.2,1,26,18,light rain to moderate rain,autumn,8.89,9462.59
2022/10/20 0:45,history,2907.2,1,26,18,light rain to moderate rain,autumn,8.89,9462.59
2022/10/20 1:00,history,3125.6,1,26,18,light rain to moderate rain,autumn,8.89,9462.59
2022/10/20 1:15,history,3099,1,26,18,light rain to moderate rain,autumn,8.89,9462.59
2022/10/20 1:30,history,2886.6,1,26,18,light rain to moderate rain,autumn,8.89,9462.59
2022/10/20 1:45,history,2783.7,1,26,18,light rain to moderate rain,autumn,8.89,9462.59
2022/10/20 2:00,history,2671.4,1,26,18,light rain to moderate rain,autumn,8.89,9462.59
2022/10/20 2:15,history,3061.8,1,26,18,light rain to moderate rain,autumn,8.89,9462.59
2022/10/20 2:30,history,3330.1,1,26,18,light rain to moderate rain,autumn,8.89,9462.59
2022/10/20 2:45,history,3748.3,1,26,18,light rain to moderate rain,autumn,8.89,9462.59
2022/10/20 3:00,history,4042.7,1,26,18,light rain to moderate rain,autumn,8.89,9462.59
2022/10/20 3:15,history,4010,1,26,18,light rain to moderate rain,autumn,8.89,9462.59
2022/10/20 3:30,history,3640.6,1,26,18,light rain to moderate rain,autumn,8.89,9462.59
2022/10/20 3:45,history,3743.6,1,26,18,light rain to moderate rain,autumn,8.89,9462.59
2022/10/20 4:00,history,3600.3,1,26,18,light rain to moderate rain,autumn,8.89,9462.59
2022/10/20 4:15,history,3774.2,1,26,18,light rain to moderate rain,autumn,8.89,9462.59
2022/10/20 4:30,history,4028.3,1,26,18,light rain to moderate rain,autumn,8.89,9462.59
2022/10/20 4:45,history,4332.3,1,26,18,light rain to moderate rain,autumn,8.89,9462.59
2022/10/20 5:00,history,4436.5,1,26,18,light rain to moderate rain,autumn,8.89,9462.59
2022/10/20 5:15,history,4731.1,1,26,18,light rain to moderate rain,autumn,8.89,9462.59
2022/10/20 5:30,history,4533.7,1,26,18,light rain to moderate rain,autumn,8.89,9462.59
2022/10/20 5:45,history,4419.2,1,26,18,light rain to moderate rain,autumn,8.89,9462.59
2022/10/20 6:00,history,4251.6,1,26,18,light rain to moderate rain,autumn,8.89,9462.59
2022/10/20 6:15,history,4041,1,26,18,light rain to moderate rain,autumn,8.89,9462.59
2022/10/20 6:30,history,3374.6,1,26,18,light rain to moderate rain,autumn,8.89,9462.59
2022/10/20 6:45,history,2790,1,26,18,light rain to moderate rain,autumn,8.89,9462.59
2022/10/20 7:00,history,1781.8,1,26,18,light rain to moderate rain,autumn,8.89,9462.59
2022/10/20 7:15,history,1240.9,1,26,18,light rain to moderate rain,autumn,8.89,9462.59
2022/10/20 7:30,history,838.3,1,26,18,light rain to moderate rain,autumn,8.89,9462.59
2022/10/20 7:45,history,514.3,1,26,18,light rain to moderate rain,autumn,8.89,9462.59
2022/10/20 8:00,history,284.8,1,26,18,light rain to moderate rain,autumn,8.89,9462.59
2022/10/20 8:15,history,184.5,1,26,18,light rain to moderate rain,autumn,8.89,9462.59
2022/10/20 8:30,history,124.9,1,26,18,light rain to moderate rain,autumn,8.89,9462.59
2022/10/20 8:45,history,124.4,1,26,18,light rain to moderate rain,autumn,8.89,9462.59
2022/10/20 9:00,history,71.5,1,26,18,light rain to moderate rain,autumn,8.89,9462.59
2022/10/20 9:15,history,26.9,1,26,18,light rain to moderate rain,autumn,8.89,9462.59
2022/10/20 9:30,history,10.9,1,26,18,light rain to moderate rain,autumn,8.89,9462.59
2022/10/20 9:45,history,10.9,1,26,18,light rain to moderate rain,autumn,8.89,9462.59
2022/10/20 10:00,history,62.1,1,26,18,light rain to moderate rain,autumn,8.89,9462.59
2022/10/20 10:15,history,6.3,1,26,18,light rain to moderate rain,autumn,8.89,9462.59
2022/10/20 10:30,history,180.6,1,26,18,light rain to moderate rain,autumn,8.89,9462.59
2022/10/20 10:45,history,351.5,1,26,18,light rain to moderate rain,autumn,8.89,9462.59
2022/10/20 11:00,history,559,1,26,18,light rain to moderate rain,autumn,8.89,9462.59
2022/10/20 11:15,history,884.2,1,26,18,light rain to moderate rain,autumn,8.89,9462.59
2022/10/20 11:30,history,2100.9,1,26,18,light rain to moderate rain,autumn,8.89,9462.59
2022/10/20 11:45,history,4037.5,1,26,18,light rain to moderate rain,autumn,8.89,9462.59
2022/10/20 12:00,history,4453.7,1,26,18,light rain to moderate rain,autumn,8.89,9462.59
2022/10/20 12:15,history,4517.4,1,26,18,light rain to moderate rain,autumn,8.89,9462.59
2022/10/20 12:30,history,4749.1,1,26,18,light rain to moderate rain,autumn,8.89,9462.59
2022/10/20 12:45,history,4348.6,1,26,18,light rain to moderate rain,autumn,8.89,9462.59
2022/10/20 13:00,history,5316.1,1,26,18,light rain to moderate rain,autumn,8.89,9462.59
2022/10/20 13:15,history,5184.1,1,26,18,light rain to moderate rain,autumn,8.89,9462.59
2022/10/20 13:30,history,4213.5,1,26,18,light rain to moderate rain,autumn,8.89,9462.59
2022/10/20 13:45,history,3364.2,1,26,18,light rain to moderate rain,autumn,8.89,9462.59
2022/10/20 14:00,history,2217.4,1,26,18,light rain to moderate rain,autumn,8.89,9462.59
2022/10/20 14:15,history,1396.1,1,26,18,light rain to moderate rain,autumn,8.89,9462.59
2022/10/20 14:30,history,954.2,1,26,18,light rain to moderate rain,autumn,8.89,9462.59
2022/10/20 14:45,history,920.3,1,26,18,light rain to moderate rain,autumn,8.89,9462.59
2022/10/20 15:00,history,1066.4,1,26,18,light rain to moderate rain,autumn,8.89,9462.59
2022/10/20 15:15,history,1710,1,26,18,light rain to moderate rain,autumn,8.89,9462.59
2022/10/20 15:30,history,1943.6,1,26,18,light rain to moderate rain,autumn,8.89,9462.59
2022/10/20 15:45,history,2043,1,26,18,light rain to moderate rain,autumn,8.89,9462.59
2022/10/20 16:00,history,2267.3,1,26,18,light rain to moderate rain,autumn,8.89,9462.59
2022/10/20 16:15,history,2148.1,1,26,18,light rain to moderate rain,autumn,8.89,9462.59
2022/10/20 16:30,history,2818.1,1,26,18,light rain to moderate rain,autumn,8.89,9462.59
2022/10/20 16:45,history,4112.6,1,26,18,light rain to moderate rain,autumn,8.89,9462.59
2022/10/20 17:00,history,4274.7,1,26,18,light rain to moderate rain,autumn,8.89,9462.59
2022/10/20 17:15,history,5089.5,1,26,18,light rain to moderate rain,autumn,8.89,9462.59
2022/10/20 17:30,history,4992,1,26,18,light rain to moderate rain,autumn,8.89,9462.59
2022/10/20 17:45,history,4798,1,26,18,light rain to moderate rain,autumn,8.89,9462.59
2022/10/20 18:00,history,4391.7,1,26,18,light rain to moderate rain,autumn,8.89,9462.59
2022/10/20 18:15,history,3590.1,1,26,18,light rain to moderate rain,autumn,8.89,9462.59
2022/10/20 18:30,history,2697.3,1,26,18,light rain to moderate rain,autumn,8.89,9462.59
2022/10/20 18:45,history,1714.5,1,26,18,light rain to moderate rain,autumn,8.89,9462.59
2022/10/20 19:00,history,995.2,1,26,18,light rain to moderate rain,autumn,8.89,9462.59
2022/10/20 19:15,history,938.5,1,26,18,light rain to moderate rain,autumn,8.89,9462.59
2022/10/20 19:30,history,537.4,1,26,18,light rain to moderate rain,autumn,8.89,9462.59
2022/10/20 19:45,history,633.4,1,26,18,light rain to moderate rain,autumn,8.89,9462.59
2022/10/20 20:00,history,489.4,1,26,18,light rain to moderate rain,autumn,8.89,9462.59
2022/10/20 20:15,history,480.7,1,26,18,light rain to moderate rain,autumn,8.89,9462.59
2022/10/20 20:30,history,675.6,1,26,18,light rain to moderate rain,autumn,8.89,9462.59
2022/10/20 20:45,history,764.7,1,26,18,light rain to moderate rain,autumn,8.89,9462.59
2022/10/20 21:00,history,747,1,26,18,light rain to moderate rain,autumn,8.89,9462.59
2022/10/20 21:15,history,901.5,1,26,18,light rain to moderate rain,autumn,8.89,9462.59
2022/10/20 21:30,history,1003.4,1,26,18,light rain to moderate rain,autumn,8.89,9462.59
2022/10/20 21:45,history,907.9,1,26,18,light rain to moderate rain,autumn,8.89,9462.59
2022/10/20 22:00,history,874.2,1,26,18,light rain to moderate rain,autumn,8.89,9462.59
2022/10/20 22:15,history,870.3,1,26,18,light rain to moderate rain,autumn,8.89,9462.59
2022/10/20 22:30,history,949.6,1,26,18,light rain to moderate rain,autumn,8.89,9462.59
2022/10/20 22:45,history,842.4,1,26,18,light rain to moderate rain,autumn,8.89,9462.59
2022/10/20 23:00,history,1100.6,1,26,18,light rain to moderate rain,autumn,8.89,9462.59
2022/10/20 23:15,history,2204.8,1,26,18,light rain to moderate rain,autumn,8.89,9462.59
2022/10/20 23:30,history,2626.9,1,26,18,light rain to moderate rain,autumn,8.89,9462.59
2022/10/20 23:45,history,2772.2,1,26,18,light rain to moderate rain,autumn,8.89,9462.59
2022/10/21 0:00,history,2858.1,0,23,17,cloudy,autumn,8.89,9462.59
2022/10/21 0:15,history,2692.5,0,23,17,cloudy,autumn,8.89,9462.59
2022/10/21 0:30,history,2621,0,23,17,cloudy,autumn,8.89,9462.59
2022/10/21 0:45,history,3046.1,0,23,17,cloudy,autumn,8.89,9462.59
2022/10/21 1:00,history,3200.6,0,23,17,cloudy,autumn,8.89,9462.59
2022/10/21 1:15,history,3502.3,0,23,17,cloudy,autumn,8.89,9462.59
2022/10/21 1:30,history,3794.9,0,23,17,cloudy,autumn,8.89,9462.59
2022/10/21 1:45,history,3667.1,0,23,17,cloudy,autumn,8.89,9462.59
2022/10/21 2:00,history,4054.8,0,23,17,cloudy,autumn,8.89,9462.59
2022/10/21 2:15,history,4639.7,0,23,17,cloudy,autumn,8.89,9462.59
2022/10/21 2:30,history,4654.6,0,23,17,cloudy,autumn,8.89,9462.59
2022/10/21 2:45,history,4837.9,0,23,17,cloudy,autumn,8.89,9462.59
2022/10/21 3:00,history,5163.3,0,23,17,cloudy,autumn,8.89,9462.59
2022/10/21 3:15,history,5261.8,0,23,17,cloudy,autumn,8.89,9462.59
2022/10/21 3:30,history,5573.9,0,23,17,cloudy,autumn,8.89,9462.59
2022/10/21 3:45,history,5172.8,0,23,17,cloudy,autumn,8.89,9462.59
2022/10/21 4:00,history,4450.5,0,23,17,cloudy,autumn,8.89,9462.59
2022/10/21 4:15,history,4514.5,0,23,17,cloudy,autumn,8.89,9462.59
2022/10/21 4:30,history,4705,0,23,17,cloudy,autumn,8.89,9462.59
2022/10/21 4:45,history,4583.6,0,23,17,cloudy,autumn,8.89,9462.59
2022/10/21 5:00,history,4581.6,0,23,17,cloudy,autumn,8.89,9462.59
2022/10/21 5:15,history,4302.9,0,23,17,cloudy,autumn,8.89,9462.59
2022/10/21 5:30,history,4266.4,0,23,17,cloudy,autumn,8.89,9462.59
2022/10/21 5:45,history,3942.9,0,23,17,cloudy,autumn,8.89,9462.59
2022/10/21 6:00,history,3402.6,0,23,17,cloudy,autumn,8.89,9462.59
2022/10/21 6:15,history,3251,0,23,17,cloudy,autumn,8.89,9462.59
2022/10/21 6:30,history,3599.4,0,23,17,cloudy,autumn,8.89,9462.59
2022/10/21 6:45,history,3199.3,0,23,17,cloudy,autumn,8.89,9462.59
2022/10/21 7:00,history,2762.7,0,23,17,cloudy,autumn,8.89,9462.59
2022/10/21 7:15,history,2030,0,23,17,cloudy,autumn,8.89,9462.59
2022/10/21 7:30,history,1414.8,0,23,17,cloudy,autumn,8.89,9462.59
2022/10/21 7:45,history,980.7,0,23,17,cloudy,autumn,8.89,9462.59
2022/10/21 8:00,history,740.7,0,23,17,cloudy,autumn,8.89,9462.59
2022/10/21 8:15,history,697.4,0,23,17,cloudy,autumn,8.89,9462.59
2022/10/21 8:30,history,457,0,23,17,cloudy,autumn,8.89,9462.59
2022/10/21 8:45,history,346.4,0,23,17,cloudy,autumn,8.89,9462.59
2022/10/21 9:00,history,239.3,0,23,17,cloudy,autumn,8.89,9462.59
2022/10/21 9:15,history,116.4,0,23,17,cloudy,autumn,8.89,9462.59
2022/10/21 9:30,history,131.8,0,23,17,cloudy,autumn,8.89,9462.59
2022/10/21 9:45,history,106.1,0,23,17,cloudy,autumn,8.89,9462.59
2022/10/21 10:00,history,136.2,0,23,17,cloudy,autumn,8.89,9462.59
2022/10/21 10:15,history,210.5,0,23,17,cloudy,autumn,8.89,9462.59
2022/10/21 10:30,history,380.9,0,23,17,cloudy,autumn,8.89,9462.59
2022/10/21 10:45,history,545.5,0,23,17,cloudy,autumn,8.89,9462.59
2022/10/21 11:00,history,858.4,0,23,17,cloudy,autumn,8.89,9462.59
2022/10/21 11:15,history,1063.9,0,23,17,cloudy,autumn,8.89,9462.59
2022/10/21 11:30,history,1331.5,0,23,17,cloudy,autumn,8.89,9462.59
2022/10/21 11:45,history,2876.4,0,23,17,cloudy,autumn,8.89,9462.59
2022/10/21 12:00,history,3576.5,0,23,17,cloudy,autumn,8.89,9462.59
2022/10/21 12:15,history,4533.3,0,23,17,cloudy,autumn,8.89,9462.59
2022/10/21 12:30,history,4632.3,0,23,17,cloudy,autumn,8.89,9462.59
2022/10/21 12:45,history,5135,0,23,17,cloudy,autumn,8.89,9462.59
2022/10/21 13:00,history,4738.4,0,23,17,cloudy,autumn,8.89,9462.59
2022/10/21 13:15,history,4746.3,0,23,17,cloudy,autumn,8.89,9462.59
2022/10/21 13:30,history,4556.8,0,23,17,cloudy,autumn,8.89,9462.59
2022/10/21 13:45,history,3367.1,0,23,17,cloudy,autumn,8.89,9462.59
2022/10/21 14:00,history,2158.2,0,23,17,cloudy,autumn,8.89,9462.59
2022/10/21 14:15,history,1089.9,0,23,17,cloudy,autumn,8.89,9462.59
2022/10/21 14:30,history,807.8,0,23,17,cloudy,autumn,8.89,9462.59
2022/10/21 14:45,history,931.8,0,23,17,cloudy,autumn,8.89,9462.59
2022/10/21 15:00,history,1216.6,0,23,17,cloudy,autumn,8.89,9462.59
2022/10/21 15:15,history,1594.2,0,23,17,cloudy,autumn,8.89,9462.59
2022/10/21 15:30,history,1861.6,0,23,17,cloudy,autumn,8.89,9462.59
2022/10/21 15:45,history,1785.6,0,23,17,cloudy,autumn,8.89,9462.59
2022/10/21 16:00,history,2290.9,0,23,17,cloudy,autumn,8.89,9462.59
2022/10/21 16:15,history,2245.4,0,23,17,cloudy,autumn,8.89,9462.59
2022/10/21 16:30,history,2348.4,0,23,17,cloudy,autumn,8.89,9462.59
2022/10/21 16:45,history,3254.2,0,23,17,cloudy,autumn,8.89,9462.59
2022/10/21 17:00,history,3954.5,0,23,17,cloudy,autumn,8.89,9462.59
2022/10/21 17:15,history,4184,0,23,17,cloudy,autumn,8.89,9462.59
2022/10/21 17:30,history,3986.9,0,23,17,cloudy,autumn,8.89,9462.59
2022/10/21 17:45,history,4488,0,23,17,cloudy,autumn,8.89,9462.59
2022/10/21 18:00,history,4872,0,23,17,cloudy,autumn,8.89,9462.59
2022/10/21 18:15,history,4562,0,23,17,cloudy,autumn,8.89,9462.59
2022/10/21 18:30,history,3858,0,23,17,cloudy,autumn,8.89,9462.59
2022/10/21 18:45,history,2555.4,0,23,17,cloudy,autumn,8.89,9462.59
2022/10/21 19:00,history,1683.4,0,23,17,cloudy,autumn,8.89,9462.59
2022/10/21 19:15,history,909.8,0,23,17,cloudy,autumn,8.89,9462.59
2022/10/21 19:30,history,631.6,0,23,17,cloudy,autumn,8.89,9462.59
2022/10/21 19:45,history,750.3,0,23,17,cloudy,autumn,8.89,9462.59
2022/10/21 20:00,history,776,0,23,17,cloudy,autumn,8.89,9462.59
2022/10/21 20:15,history,740.4,0,23,17,cloudy,autumn,8.89,9462.59
2022/10/21 20:30,history,945.4,0,23,17,cloudy,autumn,8.89,9462.59
2022/10/21 20:45,history,586.5,0,23,17,cloudy,autumn,8.89,9462.59
2022/10/21 21:00,history,510.8,0,23,17,cloudy,autumn,8.89,9462.59
2022/10/21 21:15,history,913.8,0,23,17,cloudy,autumn,8.89,9462.59
2022/10/21 21:30,history,990.1,0,23,17,cloudy,autumn,8.89,9462.59
2022/10/21 21:45,history,1107.2,0,23,17,cloudy,autumn,8.89,9462.59
2022/10/21 22:00,history,845.1,0,23,17,cloudy,autumn,8.89,9462.59
2022/10/21 22:15,history,1065.1,0,23,17,cloudy,autumn,8.89,9462.59
2022/10/21 22:30,history,714.5,0,23,17,cloudy,autumn,8.89,9462.59
2022/10/21 22:45,history,943.6,0,23,17,cloudy,autumn,8.89,9462.59
2022/10/21 23:00,history,901.2,0,23,17,cloudy,autumn,8.89,9462.59
2022/10/21 23:15,history,1941.6,0,23,17,cloudy,autumn,8.89,9462.59
2022/10/21 23:30,history,2183.7,0,23,17,cloudy,autumn,8.89,9462.59
2022/10/21 23:45,history,2336.1,0,23,17,cloudy,autumn,8.89,9462.59
2022/10/22 0:00,history,2597.6,0,24,19,sunny,autumn,8.89,9462.59
2022/10/22 0:15,history,2613.1,0,24,19,sunny,autumn,8.89,9462.59
2022/10/22 0:30,history,2478,0,24,19,sunny,autumn,8.89,9462.59
2022/10/22 0:45,history,3000.3,0,24,19,sunny,autumn,8.89,9462.59
2022/10/22 1:00,history,3476.9,0,24,19,sunny,autumn,8.89,9462.59
2022/10/22 1:15,history,3513.8,0,24,19,sunny,autumn,8.89,9462.59
2022/10/22 1:30,history,3147.5,0,24,19,sunny,autumn,8.89,9462.59
2022/10/22 1:45,history,3265,0,24,19,sunny,autumn,8.89,9462.59
2022/10/22 2:00,history,3413.5,0,24,19,sunny,autumn,8.89,9462.59
2022/10/22 2:15,history,3693.4,0,24,19,sunny,autumn,8.89,9462.59
2022/10/22 2:30,history,3662.4,0,24,19,sunny,autumn,8.89,9462.59
2022/10/22 2:45,history,3645.3,0,24,19,sunny,autumn,8.89,9462.59
2022/10/22 3:00,history,3784.1,0,24,19,sunny,autumn,8.89,9462.59
2022/10/22 3:15,history,4200.5,0,24,19,sunny,autumn,8.89,9462.59
2022/10/22 3:30,history,4025.8,0,24,19,sunny,autumn,8.89,9462.59
2022/10/22 3:45,history,3908.2,0,24,19,sunny,autumn,8.89,9462.59
2022/10/22 4:00,history,4102.8,0,24,19,sunny,autumn,8.89,9462.59
2022/10/22 4:15,history,4143.9,0,24,19,sunny,autumn,8.89,9462.59
2022/10/22 4:30,history,3880.6,0,24,19,sunny,autumn,8.89,9462.59
2022/10/22 4:45,history,3849.3,0,24,19,sunny,autumn,8.89,9462.59
2022/10/22 5:00,history,3600.2,0,24,19,sunny,autumn,8.89,9462.59
2022/10/22 5:15,history,4172,0,24,19,sunny,autumn,8.89,9462.59
2022/10/22 5:30,history,4120.3,0,24,19,sunny,autumn,8.89,9462.59
2022/10/22 5:45,history,4175.2,0,24,19,sunny,autumn,8.89,9462.59
2022/10/22 6:00,history,4012.8,0,24,19,sunny,autumn,8.89,9462.59
2022/10/22 6:15,history,3425.7,0,24,19,sunny,autumn,8.89,9462.59
2022/10/22 6:30,history,2814.6,0,24,19,sunny,autumn,8.89,9462.59
2022/10/22 6:45,history,2309.3,0,24,19,sunny,autumn,8.89,9462.59
2022/10/22 7:00,history,1855.6,0,24,19,sunny,autumn,8.89,9462.59
2022/10/22 7:15,history,1511.7,0,24,19,sunny,autumn,8.89,9462.59
2022/10/22 7:30,history,1397.4,0,24,19,sunny,autumn,8.89,9462.59
2022/10/22 7:45,history,991.8,0,24,19,sunny,autumn,8.89,9462.59
2022/10/22 8:00,history,629.3,0,24,19,sunny,autumn,8.89,9462.59
2022/10/22 8:15,history,427.6,0,24,19,sunny,autumn,8.89,9462.59
2022/10/22 8:30,history,315.8,0,24,19,sunny,autumn,8.89,9462.59
2022/10/22 8:45,history,279,0,24,19,sunny,autumn,8.89,9462.59
2022/10/22 9:00,history,171.9,0,24,19,sunny,autumn,8.89,9462.59
2022/10/22 9:15,history,105.9,0,24,19,sunny,autumn,8.89,9462.59
2022/10/22 9:30,history,77.2,0,24,19,sunny,autumn,8.89,9462.59
2022/10/22 9:45,history,102.1,0,24,19,sunny,autumn,8.89,9462.59
2022/10/22 10:00,history,46.7,0,24,19,sunny,autumn,8.89,9462.59
2022/10/22 10:15,history,136.3,0,24,19,sunny,autumn,8.89,9462.59
2022/10/22 10:30,history,203.8,0,24,19,sunny,autumn,8.89,9462.59
2022/10/22 10:45,history,328.6,0,24,19,sunny,autumn,8.89,9462.59
2022/10/22 11:00,history,550.8,0,24,19,sunny,autumn,8.89,9462.59
2022/10/22 11:15,history,546.7,0,24,19,sunny,autumn,8.89,9462.59
2022/10/22 11:30,history,737.5,0,24,19,sunny,autumn,8.89,9462.59
2022/10/22 11:45,history,1995.6,0,24,19,sunny,autumn,8.89,9462.59
2022/10/22 12:00,history,2625.8,0,24,19,sunny,autumn,8.89,9462.59
2022/10/22 12:15,history,3649.3,0,24,19,sunny,autumn,8.89,9462.59
2022/10/22 12:30,history,3810.3,0,24,19,sunny,autumn,8.89,9462.59
2022/10/22 12:45,history,3328.1,0,24,19,sunny,autumn,8.89,9462.59
2022/10/22 13:00,history,3385.8,0,24,19,sunny,autumn,8.89,9462.59
2022/10/22 13:15,history,3688.9,0,24,19,sunny,autumn,8.89,9462.59
2022/10/22 13:30,history,3387,0,24,19,sunny,autumn,8.89,9462.59
2022/10/22 13:45,history,3131.1,0,24,19,sunny,autumn,8.89,9462.59
2022/10/22 14:00,history,2129.5,0,24,19,sunny,autumn,8.89,9462.59
2022/10/22 14:15,history,1756.7,0,24,19,sunny,autumn,8.89,9462.59
2022/10/22 14:30,history,1096.8,0,24,19,sunny,autumn,8.89,9462.59
2022/10/22 14:45,history,1210.2,0,24,19,sunny,autumn,8.89,9462.59
2022/10/22 15:00,history,1428.7,0,24,19,sunny,autumn,8.89,9462.59
2022/10/22 15:15,history,1708.9,0,24,19,sunny,autumn,8.89,9462.59
2022/10/22 15:30,history,1936.7,0,24,19,sunny,autumn,8.89,9462.59
2022/10/22 15:45,history,1991.2,0,24,19,sunny,autumn,8.89,9462.59
2022/10/22 16:00,history,2001.6,0,24,19,sunny,autumn,8.89,9462.59
2022/10/22 16:15,history,1736.4,0,24,19,sunny,autumn,8.89,9462.59
2022/10/22 16:30,history,1896.4,0,24,19,sunny,autumn,8.89,9462.59
2022/10/22 16:45,history,3313.7,0,24,19,sunny,autumn,8.89,9462.59
2022/10/22 17:00,history,4159.6,0,24,19,sunny,autumn,8.89,9462.59
2022/10/22 17:15,history,4617,0,24,19,sunny,autumn,8.89,9462.59
2022/10/22 17:30,history,5549.7,0,24,19,sunny,autumn,8.89,9462.59
2022/10/22 17:45,history,5373.3,0,24,19,sunny,autumn,8.89,9462.59
2022/10/22 18:00,history,5030.1,0,24,19,sunny,autumn,8.89,9462.59
2022/10/22 18:15,history,4076,0,24,19,sunny,autumn,8.89,9462.59
2022/10/22 18:30,history,3582.8,0,24,19,sunny,autumn,8.89,9462.59
2022/10/22 18:45,history,2259.7,0,24,19,sunny,autumn,8.89,9462.59
2022/10/22 19:00,history,1885.6,0,24,19,sunny,autumn,8.89,9462.59
2022/10/22 19:15,history,1299.2,0,24,19,sunny,autumn,8.89,9462.59
2022/10/22 19:30,history,622.7,0,24,19,sunny,autumn,8.89,9462.59
2022/10/22 19:45,history,458.8,0,24,19,sunny,autumn,8.89,9462.59
2022/10/22 20:00,history,538.9,0,24,19,sunny,autumn,8.89,9462.59
2022/10/22 20:15,history,677.2,0,24,19,sunny,autumn,8.89,9462.59
2022/10/22 20:30,history,874.9,0,24,19,sunny,autumn,8.89,9462.59
2022/10/22 20:45,history,711.1,0,24,19,sunny,autumn,8.89,9462.59
2022/10/22 21:00,history,741.8,0,24,19,sunny,autumn,8.89,9462.59
2022/10/22 21:15,history,1072,0,24,19,sunny,autumn,8.89,9462.59
2022/10/22 21:30,history,1052.1,0,24,19,sunny,autumn,8.89,9462.59
2022/10/22 21:45,history,987.8,0,24,19,sunny,autumn,8.89,9462.59
2022/10/22 22:00,history,1003.8,0,24,19,sunny,autumn,8.89,9462.59
2022/10/22 22:15,history,1023.5,0,24,19,sunny,autumn,8.89,9462.59
2022/10/22 22:30,history,1365.6,0,24,19,sunny,autumn,8.89,9462.59
2022/10/22 22:45,history,1198.1,0,24,19,sunny,autumn,8.89,9462.59
2022/10/22 23:00,history,1437.8,0,24,19,sunny,autumn,8.89,9462.59
2022/10/22 23:15,history,2278.1,0,24,19,sunny,autumn,8.89,9462.59
2022/10/22 23:30,history,2775.2,0,24,19,sunny,autumn,8.89,9462.59
2022/10/22 23:45,history,2947.8,0,24,19,sunny,autumn,8.89,9462.59
2022/10/23 0:00,history,2769.9,1,26,21,cloudy,autumn,8.89,9462.59
2022/10/23 0:15,history,2692.3,1,26,21,cloudy,autumn,8.89,9462.59
2022/10/23 0:30,history,2789.4,1,26,21,cloudy,autumn,8.89,9462.59
2022/10/23 0:45,history,2687.3,1,26,21,cloudy,autumn,8.89,9462.59
2022/10/23 1:00,history,2699.3,1,26,21,cloudy,autumn,8.89,9462.59
2022/10/23 1:15,history,2793.6,1,26,21,cloudy,autumn,8.89,9462.59
2022/10/23 1:30,history,2748,1,26,21,cloudy,autumn,8.89,9462.59
2022/10/23 1:45,history,2843.1,1,26,21,cloudy,autumn,8.89,9462.59
2022/10/23 2:00,history,3148.3,1,26,21,cloudy,autumn,8.89,9462.59
2022/10/23 2:15,history,3232.4,1,26,21,cloudy,autumn,8.89,9462.59
2022/10/23 2:30,history,3142.2,1,26,21,cloudy,autumn,8.89,9462.59
2022/10/23 2:45,history,3366.4,1,26,21,cloudy,autumn,8.89,9462.59
2022/10/23 3:00,history,3005.6,1,26,21,cloudy,autumn,8.89,9462.59
2022/10/23 3:15,history,2780.6,1,26,21,cloudy,autumn,8.89,9462.59
2022/10/23 3:30,history,2745.2,1,26,21,cloudy,autumn,8.89,9462.59
2022/10/23 3:45,history,2994.3,1,26,21,cloudy,autumn,8.89,9462.59
2022/10/23 4:00,history,2738.7,1,26,21,cloudy,autumn,8.89,9462.59
2022/10/23 4:15,history,2848.4,1,26,21,cloudy,autumn,8.89,9462.59
2022/10/23 4:30,history,2912,1,26,21,cloudy,autumn,8.89,9462.59
2022/10/23 4:45,history,2925.1,1,26,21,cloudy,autumn,8.89,9462.59
2022/10/23 5:00,history,2831.1,1,26,21,cloudy,autumn,8.89,9462.59
2022/10/23 5:15,history,3699.6,1,26,21,cloudy,autumn,8.89,9462.59
2022/10/23 5:30,history,3874.7,1,26,21,cloudy,autumn,8.89,9462.59
2022/10/23 5:45,history,3853.4,1,26,21,cloudy,autumn,8.89,9462.59
2022/10/23 6:00,history,3392.9,1,26,21,cloudy,autumn,8.89,9462.59
2022/10/23 6:15,history,2856.9,1,26,21,cloudy,autumn,8.89,9462.59
2022/10/23 6:30,history,2109,1,26,21,cloudy,autumn,8.89,9462.59
2022/10/23 6:45,history,1490.8,1,26,21,cloudy,autumn,8.89,9462.59
2022/10/23 7:00,history,848.4,1,26,21,cloudy,autumn,8.89,9462.59
2022/10/23 7:15,history,933.2,1,26,21,cloudy,autumn,8.89,9462.59
2022/10/23 7:30,history,675.5,1,26,21,cloudy,autumn,8.89,9462.59
2022/10/23 7:45,history,369.8,1,26,21,cloudy,autumn,8.89,9462.59
2022/10/23 8:00,history,299.2,1,26,21,cloudy,autumn,8.89,9462.59
2022/10/23 8:15,history,190,1,26,21,cloudy,autumn,8.89,9462.59
2022/10/23 8:30,history,86.7,1,26,21,cloudy,autumn,8.89,9462.59
2022/10/23 8:45,history,119.2,1,26,21,cloudy,autumn,8.89,9462.59
2022/10/23 9:00,history,156,1,26,21,cloudy,autumn,8.89,9462.59
2022/10/23 9:15,history,79.1,1,26,21,cloudy,autumn,8.89,9462.59
2022/10/23 9:30,history,60,1,26,21,cloudy,autumn,8.89,9462.59
2022/10/23 9:45,history,70.2,1,26,21,cloudy,autumn,8.89,9462.59
2022/10/23 10:00,history,85.8,1,26,21,cloudy,autumn,8.89,9462.59
2022/10/23 10:15,history,186.9,1,26,21,cloudy,autumn,8.89,9462.59
2022/10/23 10:30,history,272.9,1,26,21,cloudy,autumn,8.89,9462.59
2022/10/23 10:45,history,279.6,1,26,21,cloudy,autumn,8.89,9462.59
2022/10/23 11:00,history,486.9,1,26,21,cloudy,autumn,8.89,9462.59
2022/10/23 11:15,history,587.3,1,26,21,cloudy,autumn,8.89,9462.59
2022/10/23 11:30,history,1517.4,1,26,21,cloudy,autumn,8.89,9462.59
2022/10/23 11:45,history,3545.6,1,26,21,cloudy,autumn,8.89,9462.59
2022/10/23 12:00,history,4089.6,1,26,21,cloudy,autumn,8.89,9462.59
2022/10/23 12:15,history,4512.6,1,26,21,cloudy,autumn,8.89,9462.59
2022/10/23 12:30,history,4912.7,1,26,21,cloudy,autumn,8.89,9462.59
2022/10/23 12:45,history,5063.9,1,26,21,cloudy,autumn,8.89,9462.59
2022/10/23 13:00,history,5210.5,1,26,21,cloudy,autumn,8.89,9462.59
2022/10/23 13:15,history,4363.3,1,26,21,cloudy,autumn,8.89,9462.59
2022/10/23 13:30,history,3906,1,26,21,cloudy,autumn,8.89,9462.59
2022/10/23 13:45,history,2943.6,1,26,21,cloudy,autumn,8.89,9462.59
2022/10/23 14:00,history,1687.5,1,26,21,cloudy,autumn,8.89,9462.59
2022/10/23 14:15,history,902.3,1,26,21,cloudy,autumn,8.89,9462.59
2022/10/23 14:30,history,906.9,1,26,21,cloudy,autumn,8.89,9462.59
2022/10/23 14:45,history,1118.4,1,26,21,cloudy,autumn,8.89,9462.59
2022/10/23 15:00,history,1329.5,1,26,21,cloudy,autumn,8.89,9462.59
2022/10/23 15:15,history,1641.7,1,26,21,cloudy,autumn,8.89,9462.59
2022/10/23 15:30,history,1664.5,1,26,21,cloudy,autumn,8.89,9462.59
2022/10/23 15:45,history,1811.2,1,26,21,cloudy,autumn,8.89,9462.59
2022/10/23 16:00,history,1665.5,1,26,21,cloudy,autumn,8.89,9462.59
2022/10/23 16:15,history,2168.4,1,26,21,cloudy,autumn,8.89,9462.59
2022/10/23 16:30,history,2918.9,1,26,21,cloudy,autumn,8.89,9462.59
2022/10/23 16:45,history,4023.8,1,26,21,cloudy,autumn,8.89,9462.59
2022/10/23 17:00,history,4995.2,1,26,21,cloudy,autumn,8.89,9462.59
2022/10/23 17:15,history,5706.8,1,26,21,cloudy,autumn,8.89,9462.59
2022/10/23 17:30,history,6081.7,1,26,21,cloudy,autumn,8.89,9462.59
2022/10/23 17:45,history,5706.4,1,26,21,cloudy,autumn,8.89,9462.59
2022/10/23 18:00,history,5190.2,1,26,21,cloudy,autumn,8.89,9462.59
2022/10/23 18:15,history,3560.8,1,26,21,cloudy,autumn,8.89,9462.59
2022/10/23 18:30,history,2512.6,1,26,21,cloudy,autumn,8.89,9462.59
2022/10/23 18:45,history,1931.3,1,26,21,cloudy,autumn,8.89,9462.59
2022/10/23 19:00,history,1195,1,26,21,cloudy,autumn,8.89,9462.59
2022/10/23 19:15,history,790.5,1,26,21,cloudy,autumn,8.89,9462.59
2022/10/23 19:30,history,576.3,1,26,21,cloudy,autumn,8.89,9462.59
2022/10/23 19:45,history,503.8,1,26,21,cloudy,autumn,8.89,9462.59
2022/10/23 20:00,history,585.4,1,26,21,cloudy,autumn,8.89,9462.59
2022/10/23 20:15,history,448.9,1,26,21,cloudy,autumn,8.89,9462.59
2022/10/23 20:30,history,552.9,1,26,21,cloudy,autumn,8.89,9462.59
2022/10/23 20:45,history,562.4,1,26,21,cloudy,autumn,8.89,9462.59
2022/10/23 21:00,history,819.1,1,26,21,cloudy,autumn,8.89,9462.59
2022/10/23 21:15,history,941.3,1,26,21,cloudy,autumn,8.89,9462.59
2022/10/23 21:30,history,1043,1,26,21,cloudy,autumn,8.89,9462.59
2022/10/23 21:45,history,1148.9,1,26,21,cloudy,autumn,8.89,9462.59
2022/10/23 22:00,history,742.2,1,26,21,cloudy,autumn,8.89,9462.59
2022/10/23 22:15,history,771.8,1,26,21,cloudy,autumn,8.89,9462.59
2022/10/23 22:30,history,908.6,1,26,21,cloudy,autumn,8.89,9462.59
2022/10/23 22:45,history,978.5,1,26,21,cloudy,autumn,8.89,9462.59
2022/10/23 23:00,history,1320.8,1,26,21,cloudy,autumn,8.89,9462.59
2022/10/23 23:15,history,2335,1,26,21,cloudy,autumn,8.89,9462.59
2022/10/23 23:30,history,2836.3,1,26,21,cloudy,autumn,8.89,9462.59
2022/10/23 23:45,history,2903.2,1,26,21,cloudy,autumn,8.89,9462.59
2022/10/24 0:00,history,2598.4,1,27,20,sunny,autumn,9.05,9462.59
2022/10/24 0:15,history,2919.2,1,27,20,sunny,autumn,9.05,9462.59
2022/10/24 0:30,history,2884.3,1,27,20,sunny,autumn,9.05,9462.59
2022/10/24 0:45,history,3055,1,27,20,sunny,autumn,9.05,9462.59
2022/10/24 1:00,history,2922.6,1,27,20,sunny,autumn,9.05,9462.59
2022/10/24 1:15,history,3080,1,27,20,sunny,autumn,9.05,9462.59
2022/10/24 1:30,history,2914.9,1,27,20,sunny,autumn,9.05,9462.59
2022/10/24 1:45,history,2802.2,1,27,20,sunny,autumn,9.05,9462.59
2022/10/24 2:00,history,3035.9,1,27,20,sunny,autumn,9.05,9462.59
2022/10/24 2:15,history,3238.1,1,27,20,sunny,autumn,9.05,9462.59
2022/10/24 2:30,history,3494.7,1,27,20,sunny,autumn,9.05,9462.59
2022/10/24 2:45,history,3779.8,1,27,20,sunny,autumn,9.05,9462.59
2022/10/24 3:00,history,4036.1,1,27,20,sunny,autumn,9.05,9462.59
2022/10/24 3:15,history,4069.6,1,27,20,sunny,autumn,9.05,9462.59
2022/10/24 3:30,history,3625.5,1,27,20,sunny,autumn,9.05,9462.59
2022/10/24 3:45,history,3294.1,1,27,20,sunny,autumn,9.05,9462.59
2022/10/24 4:00,history,3148.9,1,27,20,sunny,autumn,9.05,9462.59
2022/10/24 4:15,history,2919.1,1,27,20,sunny,autumn,9.05,9462.59
2022/10/24 4:30,history,3167.9,1,27,20,sunny,autumn,9.05,9462.59
2022/10/24 4:45,history,3267.9,1,27,20,sunny,autumn,9.05,9462.59
2022/10/24 5:00,history,3606.6,1,27,20,sunny,autumn,9.05,9462.59
2022/10/24 5:15,history,3930.5,1,27,20,sunny,autumn,9.05,9462.59
2022/10/24 5:30,history,4098.9,1,27,20,sunny,autumn,9.05,9462.59
2022/10/24 5:45,history,4208.8,1,27,20,sunny,autumn,9.05,9462.59
2022/10/24 6:00,history,3714.3,1,27,20,sunny,autumn,9.05,9462.59
2022/10/24 6:15,history,3483.7,1,27,20,sunny,autumn,9.05,9462.59
2022/10/24 6:30,history,2444.4,1,27,20,sunny,autumn,9.05,9462.59
2022/10/24 6:45,history,1721,1,27,20,sunny,autumn,9.05,9462.59
2022/10/24 7:00,history,988.7,1,27,20,sunny,autumn,9.05,9462.59
2022/10/24 7:15,history,672.1,1,27,20,sunny,autumn,9.05,9462.59
2022/10/24 7:30,history,474.6,1,27,20,sunny,autumn,9.05,9462.59
2022/10/24 7:45,history,441.9,1,27,20,sunny,autumn,9.05,9462.59
2022/10/24 8:00,history,325.1,1,27,20,sunny,autumn,9.05,9462.59
2022/10/24 8:15,history,324.6,1,27,20,sunny,autumn,9.05,9462.59
2022/10/24 8:30,history,251.3,1,27,20,sunny,autumn,9.05,9462.59
2022/10/24 8:45,history,67.5,1,27,20,sunny,autumn,9.05,9462.59
2022/10/24 9:00,history,89.6,1,27,20,sunny,autumn,9.05,9462.59
2022/10/24 9:15,history,70.2,1,27,20,sunny,autumn,9.05,9462.59
2022/10/24 9:30,history,70.5,1,27,20,sunny,autumn,9.05,9462.59
2022/10/24 9:45,history,60.4,1,27,20,sunny,autumn,9.05,9462.59
2022/10/24 10:00,history,34.5,1,27,20,sunny,autumn,9.05,9462.59
2022/10/24 10:15,history,198.1,1,27,20,sunny,autumn,9.05,9462.59
2022/10/24 10:30,history,123.7,1,27,20,sunny,autumn,9.05,9462.59
2022/10/24 10:45,history,185.6,1,27,20,sunny,autumn,9.05,9462.59
2022/10/24 11:00,history,206.8,1,27,20,sunny,autumn,9.05,9462.59
2022/10/24 11:15,history,516.7,1,27,20,sunny,autumn,9.05,9462.59
2022/10/24 11:30,history,1627.5,1,27,20,sunny,autumn,9.05,9462.59
2022/10/24 11:45,history,4125.3,1,27,20,sunny,autumn,9.05,9462.59
2022/10/24 12:00,history,4556.8,1,27,20,sunny,autumn,9.05,9462.59
2022/10/24 12:15,history,4586.4,1,27,20,sunny,autumn,9.05,9462.59
2022/10/24 12:30,history,4276.7,1,27,20,sunny,autumn,9.05,9462.59
2022/10/24 12:45,history,4468.1,1,27,20,sunny,autumn,9.05,9462.59
2022/10/24 13:00,history,5604.1,1,27,20,sunny,autumn,9.05,9462.59
2022/10/24 13:15,history,5248.8,1,27,20,sunny,autumn,9.05,9462.59
2022/10/24 13:30,history,4118.8,1,27,20,sunny,autumn,9.05,9462.59
2022/10/24 13:45,history,2476.1,1,27,20,sunny,autumn,9.05,9462.59
2022/10/24 14:00,history,1378.1,1,27,20,sunny,autumn,9.05,9462.59
2022/10/24 14:15,history,731.8,1,27,20,sunny,autumn,9.05,9462.59
2022/10/24 14:30,history,527.4,1,27,20,sunny,autumn,9.05,9462.59
2022/10/24 14:45,history,835.1,1,27,20,sunny,autumn,9.05,9462.59
2022/10/24 15:00,history,1222,1,27,20,sunny,autumn,9.05,9462.59
2022/10/24 15:15,history,1863.8,1,27,20,sunny,autumn,9.05,9462.59
2022/10/24 15:30,history,1956.1,1,27,20,sunny,autumn,9.05,9462.59
2022/10/24 15:45,history,1987.6,1,27,20,sunny,autumn,9.05,9462.59
2022/10/24 16:00,history,2096.8,1,27,20,sunny,autumn,9.05,9462.59
2022/10/24 16:15,history,1720,1,27,20,sunny,autumn,9.05,9462.59
2022/10/24 16:30,history,2315.7,1,27,20,sunny,autumn,9.05,9462.59
2022/10/24 16:45,history,3875.1,1,27,20,sunny,autumn,9.05,9462.59
2022/10/24 17:00,history,4748.1,1,27,20,sunny,autumn,9.05,9462.59
2022/10/24 17:15,history,5282.2,1,27,20,sunny,autumn,9.05,9462.59
2022/10/24 17:30,history,5611.7,1,27,20,sunny,autumn,9.05,9462.59
2022/10/24 17:45,history,5390.8,1,27,20,sunny,autumn,9.05,9462.59
2022/10/24 18:00,history,4956.6,1,27,20,sunny,autumn,9.05,9462.59
2022/10/24 18:15,history,4248.6,1,27,20,sunny,autumn,9.05,9462.59
2022/10/24 18:30,history,3474.8,1,27,20,sunny,autumn,9.05,9462.59
2022/10/24 18:45,history,2076.2,1,27,20,sunny,autumn,9.05,9462.59
2022/10/24 19:00,history,923.5,1,27,20,sunny,autumn,9.05,9462.59
2022/10/24 19:15,history,597.4,1,27,20,sunny,autumn,9.05,9462.59
2022/10/24 19:30,history,426.7,1,27,20,sunny,autumn,9.05,9462.59
2022/10/24 19:45,history,564.7,1,27,20,sunny,autumn,9.05,9462.59
2022/10/24 20:00,history,504.7,1,27,20,sunny,autumn,9.05,9462.59
2022/10/24 20:15,history,605.7,1,27,20,sunny,autumn,9.05,9462.59
2022/10/24 20:30,history,832.5,1,27,20,sunny,autumn,9.05,9462.59
2022/10/24 20:45,history,734,1,27,20,sunny,autumn,9.05,9462.59
2022/10/24 21:00,history,830.3,1,27,20,sunny,autumn,9.05,9462.59
2022/10/24 21:15,history,1071,1,27,20,sunny,autumn,9.05,9462.59
2022/10/24 21:30,history,1613.4,1,27,20,sunny,autumn,9.05,9462.59
2022/10/24 21:45,history,1283.2,1,27,20,sunny,autumn,9.05,9462.59
2022/10/24 22:00,history,920.3,1,27,20,sunny,autumn,9.05,9462.59
2022/10/24 22:15,history,962.6,1,27,20,sunny,autumn,9.05,9462.59
2022/10/24 22:30,history,778.6,1,27,20,sunny,autumn,9.05,9462.59
2022/10/24 22:45,history,715,1,27,20,sunny,autumn,9.05,9462.59
2022/10/24 23:00,history,998,1,27,20,sunny,autumn,9.05,9462.59
2022/10/24 23:15,history,2438.6,1,27,20,sunny,autumn,9.05,9462.59
2022/10/24 23:30,history,2990.8,1,27,20,sunny,autumn,9.05,9462.59
2022/10/24 23:45,history,2840.7,1,27,20,sunny,autumn,9.05,9462.59
2022/10/25 0:00,history,2836.1,1,27,16,cloudy,autumn,9.05,9462.59
2022/10/25 0:15,history,3003.6,1,27,16,cloudy,autumn,9.05,9462.59
2022/10/25 0:30,history,3371.6,1,27,16,cloudy,autumn,9.05,9462.59
2022/10/25 0:45,history,3930,1,27,16,cloudy,autumn,9.05,9462.59
2022/10/25 1:00,history,4328,1,27,16,cloudy,autumn,9.05,9462.59
2022/10/25 1:15,history,3891.4,1,27,16,cloudy,autumn,9.05,9462.59
2022/10/25 1:30,history,3603.4,1,27,16,cloudy,autumn,9.05,9462.59
2022/10/25 1:45,history,3401.4,1,27,16,cloudy,autumn,9.05,9462.59
2022/10/25 2:00,history,3432.8,1,27,16,cloudy,autumn,9.05,9462.59
2022/10/25 2:15,history,3798.6,1,27,16,cloudy,autumn,9.05,9462.59
2022/10/25 2:30,history,3450.9,1,27,16,cloudy,autumn,9.05,9462.59
2022/10/25 2:45,history,3605.7,1,27,16,cloudy,autumn,9.05,9462.59
2022/10/25 3:00,history,3439.9,1,27,16,cloudy,autumn,9.05,9462.59
2022/10/25 3:15,history,3562.8,1,27,16,cloudy,autumn,9.05,9462.59
2022/10/25 3:30,history,3339.5,1,27,16,cloudy,autumn,9.05,9462.59
2022/10/25 3:45,history,3092.7,1,27,16,cloudy,autumn,9.05,9462.59
2022/10/25 4:00,history,3373.3,1,27,16,cloudy,autumn,9.05,9462.59
2022/10/25 4:15,history,3270.1,1,27,16,cloudy,autumn,9.05,9462.59
2022/10/25 4:30,history,3050.4,1,27,16,cloudy,autumn,9.05,9462.59
2022/10/25 4:45,history,3075.1,1,27,16,cloudy,autumn,9.05,9462.59
2022/10/25 5:00,history,3636.3,1,27,16,cloudy,autumn,9.05,9462.59
2022/10/25 5:15,history,3911.6,1,27,16,cloudy,autumn,9.05,9462.59
2022/10/25 5:30,history,4203.4,1,27,16,cloudy,autumn,9.05,9462.59
2022/10/25 5:45,history,4027.5,1,27,16,cloudy,autumn,9.05,9462.59
2022/10/25 6:00,history,3746,1,27,16,cloudy,autumn,9.05,9462.59
2022/10/25 6:15,history,3069.5,1,27,16,cloudy,autumn,9.05,9462.59
2022/10/25 6:30,history,2317.7,1,27,16,cloudy,autumn,9.05,9462.59
2022/10/25 6:45,history,1800.9,1,27,16,cloudy,autumn,9.05,9462.59
2022/10/25 7:00,history,1250.5,1,27,16,cloudy,autumn,9.05,9462.59
2022/10/25 7:15,history,828.4,1,27,16,cloudy,autumn,9.05,9462.59
2022/10/25 7:30,history,624.2,1,27,16,cloudy,autumn,9.05,9462.59
2022/10/25 7:45,history,557.4,1,27,16,cloudy,autumn,9.05,9462.59
2022/10/25 8:00,history,439.5,1,27,16,cloudy,autumn,9.05,9462.59
2022/10/25 8:15,history,268,1,27,16,cloudy,autumn,9.05,9462.59
2022/10/25 8:30,history,181.3,1,27,16,cloudy,autumn,9.05,9462.59
2022/10/25 8:45,history,81.8,1,27,16,cloudy,autumn,9.05,9462.59
2022/10/25 9:00,history,78.6,1,27,16,cloudy,autumn,9.05,9462.59
2022/10/25 9:15,history,21,1,27,16,cloudy,autumn,9.05,9462.59
2022/10/25 9:30,history,14.8,1,27,16,cloudy,autumn,9.05,9462.59
2022/10/25 9:45,history,4.6,1,27,16,cloudy,autumn,9.05,9462.59
2022/10/25 10:00,history,42.9,1,27,16,cloudy,autumn,9.05,9462.59
2022/10/25 10:15,history,80.9,1,27,16,cloudy,autumn,9.05,9462.59
2022/10/25 10:30,history,111.3,1,27,16,cloudy,autumn,9.05,9462.59
2022/10/25 10:45,history,487.7,1,27,16,cloudy,autumn,9.05,9462.59
2022/10/25 11:00,history,485.6,1,27,16,cloudy,autumn,9.05,9462.59
2022/10/25 11:15,history,667,1,27,16,cloudy,autumn,9.05,9462.59
2022/10/25 11:30,history,1317.1,1,27,16,cloudy,autumn,9.05,9462.59
2022/10/25 11:45,history,3261.2,1,27,16,cloudy,autumn,9.05,9462.59
2022/10/25 12:00,history,4264.6,1,27,16,cloudy,autumn,9.05,9462.59
2022/10/25 12:15,history,4497.8,1,27,16,cloudy,autumn,9.05,9462.59
2022/10/25 12:30,history,4992.3,1,27,16,cloudy,autumn,9.05,9462.59
2022/10/25 12:45,history,4629.8,1,27,16,cloudy,autumn,9.05,9462.59
2022/10/25 13:00,history,4790.6,1,27,16,cloudy,autumn,9.05,9462.59
2022/10/25 13:15,history,3656.7,1,27,16,cloudy,autumn,9.05,9462.59
2022/10/25 13:30,history,3462.2,1,27,16,cloudy,autumn,9.05,9462.59
2022/10/25 13:45,history,2499.4,1,27,16,cloudy,autumn,9.05,9462.59
2022/10/25 14:00,history,1271.2,1,27,16,cloudy,autumn,9.05,9462.59
2022/10/25 14:15,history,640.2,1,27,16,cloudy,autumn,9.05,9462.59
2022/10/25 14:30,history,400.6,1,27,16,cloudy,autumn,9.05,9462.59
2022/10/25 14:45,history,387.7,1,27,16,cloudy,autumn,9.05,9462.59
2022/10/25 15:00,history,880.5,1,27,16,cloudy,autumn,9.05,9462.59
2022/10/25 15:15,history,1326.6,1,27,16,cloudy,autumn,9.05,9462.59
2022/10/25 15:30,history,2054.5,1,27,16,cloudy,autumn,9.05,9462.59
2022/10/25 15:45,history,2089.6,1,27,16,cloudy,autumn,9.05,9462.59
2022/10/25 16:00,history,1982.9,1,27,16,cloudy,autumn,9.05,9462.59
2022/10/25 16:15,history,2250.5,1,27,16,cloudy,autumn,9.05,9462.59
2022/10/25 16:30,history,2562.6,1,27,16,cloudy,autumn,9.05,9462.59
2022/10/25 16:45,history,4012.7,1,27,16,cloudy,autumn,9.05,9462.59
2022/10/25 17:00,history,5092.9,1,27,16,cloudy,autumn,9.05,9462.59
2022/10/25 17:15,history,5512.2,1,27,16,cloudy,autumn,9.05,9462.59
2022/10/25 17:30,history,5662.3,1,27,16,cloudy,autumn,9.05,9462.59
2022/10/25 17:45,history,5740.4,1,27,16,cloudy,autumn,9.05,9462.59
2022/10/25 18:00,history,5442.1,1,27,16,cloudy,autumn,9.05,9462.59
2022/10/25 18:15,history,4080.5,1,27,16,cloudy,autumn,9.05,9462.59
2022/10/25 18:30,history,3139.5,1,27,16,cloudy,autumn,9.05,9462.59
2022/10/25 18:45,history,1835.7,1,27,16,cloudy,autumn,9.05,9462.59
2022/10/25 19:00,history,984.2,1,27,16,cloudy,autumn,9.05,9462.59
2022/10/25 19:15,history,867.7,1,27,16,cloudy,autumn,9.05,9462.59
2022/10/25 19:30,history,869,1,27,16,cloudy,autumn,9.05,9462.59
2022/10/25 19:45,history,705.8,1,27,16,cloudy,autumn,9.05,9462.59
2022/10/25 20:00,history,675.2,1,27,16,cloudy,autumn,9.05,9462.59
2022/10/25 20:15,history,486.9,1,27,16,cloudy,autumn,9.05,9462.59
2022/10/25 20:30,history,829.6,1,27,16,cloudy,autumn,9.05,9462.59
2022/10/25 20:45,history,795.8,1,27,16,cloudy,autumn,9.05,9462.59
2022/10/25 21:00,history,840.1,1,27,16,cloudy,autumn,9.05,9462.59
2022/10/25 21:15,history,937,1,27,16,cloudy,autumn,9.05,9462.59
2022/10/25 21:30,history,992.7,1,27,16,cloudy,autumn,9.05,9462.59
2022/10/25 21:45,history,943.7,1,27,16,cloudy,autumn,9.05,9462.59
2022/10/25 22:00,history,787.4,1,27,16,cloudy,autumn,9.05,9462.59
2022/10/25 22:15,history,979.1,1,27,16,cloudy,autumn,9.05,9462.59
2022/10/25 22:30,history,930.2,1,27,16,cloudy,autumn,9.05,9462.59
2022/10/25 22:45,history,746.5,1,27,16,cloudy,autumn,9.05,9462.59
2022/10/25 23:00,history,900.3,1,27,16,cloudy,autumn,9.05,9462.59
2022/10/25 23:15,history,1839.7,1,27,16,cloudy,autumn,9.05,9462.59
2022/10/25 23:30,history,2321.9,1,27,16,cloudy,autumn,9.05,9462.59
2022/10/25 23:45,history,2824,1,27,16,cloudy,autumn,9.05,9462.59
2022/10/26 0:00,history,2731.5,1,28,20,cloudy,autumn,9.05,9462.59
2022/10/26 0:15,history,3311.5,1,28,20,cloudy,autumn,9.05,9462.59
2022/10/26 0:30,history,3254.8,1,28,20,cloudy,autumn,9.05,9462.59
2022/10/26 0:45,history,3140.1,1,28,20,cloudy,autumn,9.05,9462.59
2022/10/26 1:00,history,2819,1,28,20,cloudy,autumn,9.05,9462.59
2022/10/26 1:15,history,3104.2,1,28,20,cloudy,autumn,9.05,9462.59
2022/10/26 1:30,history,3144.3,1,28,20,cloudy,autumn,9.05,9462.59
2022/10/26 1:45,history,3272.4,1,28,20,cloudy,autumn,9.05,9462.59
2022/10/26 2:00,history,3315.1,1,28,20,cloudy,autumn,9.05,9462.59
2022/10/26 2:15,history,2985.9,1,28,20,cloudy,autumn,9.05,9462.59
2022/10/26 2:30,history,2902.4,1,28,20,cloudy,autumn,9.05,9462.59
2022/10/26 2:45,history,3042.9,1,28,20,cloudy,autumn,9.05,9462.59
2022/10/26 3:00,history,3302.3,1,28,20,cloudy,autumn,9.05,9462.59
2022/10/26 3:15,history,3444.5,1,28,20,cloudy,autumn,9.05,9462.59
2022/10/26 3:30,history,3271.1,1,28,20,cloudy,autumn,9.05,9462.59
2022/10/26 3:45,history,3405.1,1,28,20,cloudy,autumn,9.05,9462.59
2022/10/26 4:00,history,3386.2,1,28,20,cloudy,autumn,9.05,9462.59
2022/10/26 4:15,history,3364.1,1,28,20,cloudy,autumn,9.05,9462.59
2022/10/26 4:30,history,3209.3,1,28,20,cloudy,autumn,9.05,9462.59
2022/10/26 4:45,history,3352.6,1,28,20,cloudy,autumn,9.05,9462.59
2022/10/26 5:00,history,3998.5,1,28,20,cloudy,autumn,9.05,9462.59
2022/10/26 5:15,history,4166.9,1,28,20,cloudy,autumn,9.05,9462.59
2022/10/26 5:30,history,4856.2,1,28,20,cloudy,autumn,9.05,9462.59
2022/10/26 5:45,history,4665.1,1,28,20,cloudy,autumn,9.05,9462.59
2022/10/26 6:00,history,4072.7,1,28,20,cloudy,autumn,9.05,9462.59
2022/10/26 6:15,history,3360.3,1,28,20,cloudy,autumn,9.05,9462.59
2022/10/26 6:30,history,2539.5,1,28,20,cloudy,autumn,9.05,9462.59
2022/10/26 6:45,history,1813.5,1,28,20,cloudy,autumn,9.05,9462.59
2022/10/26 7:00,history,1164.8,1,28,20,cloudy,autumn,9.05,9462.59
2022/10/26 7:15,history,685.6,1,28,20,cloudy,autumn,9.05,9462.59
2022/10/26 7:30,history,527.8,1,28,20,cloudy,autumn,9.05,9462.59
2022/10/26 7:45,history,336.5,1,28,20,cloudy,autumn,9.05,9462.59
2022/10/26 8:00,history,280.9,1,28,20,cloudy,autumn,9.05,9462.59
2022/10/26 8:15,history,229.6,1,28,20,cloudy,autumn,9.05,9462.59
2022/10/26 8:30,history,211,1,28,20,cloudy,autumn,9.05,9462.59
2022/10/26 8:45,history,141.6,1,28,20,cloudy,autumn,9.05,9462.59
2022/10/26 9:00,history,30.9,1,28,20,cloudy,autumn,9.05,9462.59
2022/10/26 9:15,history,47.4,1,28,20,cloudy,autumn,9.05,9462.59
2022/10/26 9:30,history,16.9,1,28,20,cloudy,autumn,9.05,9462.59
2022/10/26 9:45,history,57.5,1,28,20,cloudy,autumn,9.05,9462.59
2022/10/26 10:00,history,165.2,1,28,20,cloudy,autumn,9.05,9462.59
2022/10/26 10:15,history,193.5,1,28,20,cloudy,autumn,9.05,9462.59
2022/10/26 10:30,history,294,1,28,20,cloudy,autumn,9.05,9462.59
2022/10/26 10:45,history,335.6,1,28,20,cloudy,autumn,9.05,9462.59
2022/10/26 11:00,history,397.1,1,28,20,cloudy,autumn,9.05,9462.59
2022/10/26 11:15,history,580.8,1,28,20,cloudy,autumn,9.05,9462.59
2022/10/26 11:30,history,1756.9,1,28,20,cloudy,autumn,9.05,9462.59
2022/10/26 11:45,history,3824.6,1,28,20,cloudy,autumn,9.05,9462.59
2022/10/26 12:00,history,4454.9,1,28,20,cloudy,autumn,9.05,9462.59
2022/10/26 12:15,history,4465.3,1,28,20,cloudy,autumn,9.05,9462.59
2022/10/26 12:30,history,4131.9,1,28,20,cloudy,autumn,9.05,9462.59
2022/10/26 12:45,history,4749.7,1,28,20,cloudy,autumn,9.05,9462.59
2022/10/26 13:00,history,4396.2,1,28,20,cloudy,autumn,9.05,9462.59
2022/10/26 13:15,history,4124,1,28,20,cloudy,autumn,9.05,9462.59
2022/10/26 13:30,history,3530.3,1,28,20,cloudy,autumn,9.05,9462.59
2022/10/26 13:45,history,2607.7,1,28,20,cloudy,autumn,9.05,9462.59
2022/10/26 14:00,history,1357.8,1,28,20,cloudy,autumn,9.05,9462.59
2022/10/26 14:15,history,575.5,1,28,20,cloudy,autumn,9.05,9462.59
2022/10/26 14:30,history,574.3,1,28,20,cloudy,autumn,9.05,9462.59
2022/10/26 14:45,history,928.1,1,28,20,cloudy,autumn,9.05,9462.59
2022/10/26 15:00,history,1346.1,1,28,20,cloudy,autumn,9.05,9462.59
2022/10/26 15:15,history,1912.1,1,28,20,cloudy,autumn,9.05,9462.59
2022/10/26 15:30,history,1998.4,1,28,20,cloudy,autumn,9.05,9462.59
2022/10/26 15:45,history,2322.6,1,28,20,cloudy,autumn,9.05,9462.59
2022/10/26 16:00,history,2202.4,1,28,20,cloudy,autumn,9.05,9462.59
2022/10/26 16:15,history,2090.1,1,28,20,cloudy,autumn,9.05,9462.59
2022/10/26 16:30,history,2219.8,1,28,20,cloudy,autumn,9.05,9462.59
2022/10/26 16:45,history,3709.3,1,28,20,cloudy,autumn,9.05,9462.59
2022/10/26 17:00,history,4139.5,1,28,20,cloudy,autumn,9.05,9462.59
2022/10/26 17:15,history,4570.5,1,28,20,cloudy,autumn,9.05,9462.59
2022/10/26 17:30,history,4353.4,1,28,20,cloudy,autumn,9.05,9462.59
2022/10/26 17:45,history,5093.6,1,28,20,cloudy,autumn,9.05,9462.59
2022/10/26 18:00,history,4499.7,1,28,20,cloudy,autumn,9.05,9462.59
2022/10/26 18:15,history,3548.1,1,28,20,cloudy,autumn,9.05,9462.59
2022/10/26 18:30,history,2990.2,1,28,20,cloudy,autumn,9.05,9462.59
2022/10/26 18:45,history,2252.6,1,28,20,cloudy,autumn,9.05,9462.59
2022/10/26 19:00,history,1546.1,1,28,20,cloudy,autumn,9.05,9462.59
2022/10/26 19:15,history,1064.7,1,28,20,cloudy,autumn,9.05,9462.59
2022/10/26 19:30,history,980.4,1,28,20,cloudy,autumn,9.05,9462.59
2022/10/26 19:45,history,857.3,1,28,20,cloudy,autumn,9.05,9462.59
2022/10/26 20:00,history,822.6,1,28,20,cloudy,autumn,9.05,9462.59
2022/10/26 20:15,history,726,1,28,20,cloudy,autumn,9.05,9462.59
2022/10/26 20:30,history,777.1,1,28,20,cloudy,autumn,9.05,9462.59
2022/10/26 20:45,history,585,1,28,20,cloudy,autumn,9.05,9462.59
2022/10/26 21:00,history,746.1,1,28,20,cloudy,autumn,9.05,9462.59
2022/10/26 21:15,history,919.8,1,28,20,cloudy,autumn,9.05,9462.59
2022/10/26 21:30,history,1160.9,1,28,20,cloudy,autumn,9.05,9462.59
2022/10/26 21:45,history,938.6,1,28,20,cloudy,autumn,9.05,9462.59
2022/10/26 22:00,history,839.6,1,28,20,cloudy,autumn,9.05,9462.59
2022/10/26 22:15,history,835.2,1,28,20,cloudy,autumn,9.05,9462.59
2022/10/26 22:30,history,921.3,1,28,20,cloudy,autumn,9.05,9462.59
2022/10/26 22:45,history,698.7,1,28,20,cloudy,autumn,9.05,9462.59
2022/10/26 23:00,history,826.5,1,28,20,cloudy,autumn,9.05,9462.59
2022/10/26 23:15,history,1831.4,1,28,20,cloudy,autumn,9.05,9462.59
2022/10/26 23:30,history,2398.4,1,28,20,cloudy,autumn,9.05,9462.59
2022/10/26 23:45,history,2764.4,1,28,20,cloudy,autumn,9.05,9462.59
2022/10/27 0:00,target,2566.9,1,28,23,cloudy,autumn,9.05,9462.59
2022/10/27 0:15,target,2825.9,1,28,23,cloudy,autumn,9.05,9462.59
2022/10/27 0:30,target,3183.9,1,28,23,cloudy,autumn,9.05,9462.59
2022/10/27 0:45,target,3266.6,1,28,23,cloudy,autumn,9.05,9462.59
2022/10/27 1:00,target,3050.8,1,28,23,cloudy,autumn,9.05,9462.59
2022/10/27 1:15,target,3271.6,1,28,23,cloudy,autumn,9.05,9462.59
2022/10/27 1:30,target,3063.5,1,28,23,cloudy,autumn,9.05,9462.59
2022/10/27 1:45,target,3531.1,1,28,23,cloudy,autumn,9.05,9462.59
2022/10/27 2:00,target,3461.8,1,28,23,cloudy,autumn,9.05,9462.59
2022/10/27 2:15,target,3062.7,1,28,23,cloudy,autumn,9.05,9462.59
2022/10/27 2:30,target,3142.6,1,28,23,cloudy,autumn,9.05,9462.59
2022/10/27 2:45,target,3087.3,1,28,23,cloudy,autumn,9.05,9462.59
2022/10/27 3:00,target,3406.3,1,28,23,cloudy,autumn,9.05,9462.59
2022/10/27 3:15,target,3414.9,1,28,23,cloudy,autumn,9.05,9462.59
2022/10/27 3:30,target,3748.3,1,28,23,cloudy,autumn,9.05,9462.59
2022/10/27 3:45,target,3656.7,1,28,23,cloudy,autumn,9.05,9462.59
2022/10/27 4:00,target,4114.1,1,28,23,cloudy,autumn,9.05,9462.59
2022/10/27 4:15,target,3817.1,1,28,23,cloudy,autumn,9.05,9462.59
2022/10/27 4:30,target,3764.3,1,28,23,cloudy,autumn,9.05,9462.59
2022/10/27 4:45,target,3642.9,1,28,23,cloudy,autumn,9.05,9462.59
2022/10/27 5:00,target,3668.1,1,28,23,cloudy,autumn,9.05,9462.59
2022/10/27 5:15,target,4232.9,1,28,23,cloudy,autumn,9.05,9462.59
2022/10/27 5:30,target,4390,1,28,23,cloudy,autumn,9.05,9462.59
2022/10/27 5:45,target,4617.3,1,28,23,cloudy,autumn,9.05,9462.59
2022/10/27 6:00,target,4402.8,1,28,23,cloudy,autumn,9.05,9462.59
2022/10/27 6:15,target,4138,1,28,23,cloudy,autumn,9.05,9462.59
2022/10/27 6:30,target,3099.9,1,28,23,cloudy,autumn,9.05,9462.59
2022/10/27 6:45,target,2438.4,1,28,23,cloudy,autumn,9.05,9462.59
2022/10/27 7:00,target,1655.2,1,28,23,cloudy,autumn,9.05,9462.59
2022/10/27 7:15,target,1184.1,1,28,23,cloudy,autumn,9.05,9462.59
2022/10/27 7:30,target,685.4,1,28,23,cloudy,autumn,9.05,9462.59
2022/10/27 7:45,target,507,1,28,23,cloudy,autumn,9.05,9462.59
2022/10/27 8:00,target,451.1,1,28,23,cloudy,autumn,9.05,9462.59
2022/10/27 8:15,target,295.4,1,28,23,cloudy,autumn,9.05,9462.59
2022/10/27 8:30,target,132.9,1,28,23,cloudy,autumn,9.05,9462.59
2022/10/27 8:45,target,111.8,1,28,23,cloudy,autumn,9.05,9462.59
2022/10/27 9:00,target,112.8,1,28,23,cloudy,autumn,9.05,9462.59
2022/10/27 9:15,target,148.7,1,28,23,cloudy,autumn,9.05,9462.59
2022/10/27 9:30,target,73.3,1,28,23,cloudy,autumn,9.05,9462.59
2022/10/27 9:45,target,181,1,28,23,cloudy,autumn,9.05,9462.59
2022/10/27 10:00,target,152.4,1,28,23,cloudy,autumn,9.05,9462.59
2022/10/27 10:15,target,166.7,1,28,23,cloudy,autumn,9.05,9462.59
2022/10/27 10:30,target,155.5,1,28,23,cloudy,autumn,9.05,9462.59
2022/10/27 10:45,target,366.6,1,28,23,cloudy,autumn,9.05,9462.59
2022/10/27 11:00,target,434.6,1,28,23,cloudy,autumn,9.05,9462.59
2022/10/27 11:15,target,634.1,1,28,23,cloudy,autumn,9.05,9462.59
2022/10/27 11:30,target,880.9,1,28,23,cloudy,autumn,9.05,9462.59
2022/10/27 11:45,target,1516.3,1,28,23,cloudy,autumn,9.05,9462.59
2022/10/27 12:00,target,2019.9,1,28,23,cloudy,autumn,9.05,9462.59
2022/10/27 12:15,target,4287.6,1,28,23,cloudy,autumn,9.05,9462.59
2022/10/27 12:30,target,4467.9,1,28,23,cloudy,autumn,9.05,9462.59
2022/10/27 12:45,target,4551.6,1,28,23,cloudy,autumn,9.05,9462.59
2022/10/27 13:00,target,4693.7,1,28,23,cloudy,autumn,9.05,9462.59
2022/10/27 13:15,target,4768.7,1,28,23,cloudy,autumn,9.05,9462.59
2022/10/27 13:30,target,4532.1,1,28,23,cloudy,autumn,9.05,9462.59
2022/10/27 13:45,target,4220,1,28,23,cloudy,autumn,9.05,9462.59
2022/10/27 14:00,target,3928.3,1,28,23,cloudy,autumn,9.05,9462.59
2022/10/27 14:15,target,3085.4,1,28,23,cloudy,autumn,9.05,9462.59
2022/10/27 14:30,target,1823.6,1,28,23,cloudy,autumn,9.05,9462.59
2022/10/27 14:45,target,936.9,1,28,23,cloudy,autumn,9.05,9462.59
2022/10/27 15:00,target,608.2,1,28,23,cloudy,autumn,9.05,9462.59
2022/10/27 15:15,target,768.6,1,28,23,cloudy,autumn,9.05,9462.59
2022/10/27 15:30,target,1257.6,1,28,23,cloudy,autumn,9.05,9462.59
2022/10/27 15:45,target,1515.4,1,28,23,cloudy,autumn,9.05,9462.59
2022/10/27 16:00,target,1902.8,1,28,23,cloudy,autumn,9.05,9462.59
2022/10/27 16:15,target,2077.4,1,28,23,cloudy,autumn,9.05,9462.59
2022/10/27 16:30,target,2064.2,1,28,23,cloudy,autumn,9.05,9462.59
2022/10/27 16:45,target,2057.6,1,28,23,cloudy,autumn,9.05,9462.59
2022/10/27 17:00,target,2876.3,1,28,23,cloudy,autumn,9.05,9462.59
2022/10/27 17:15,target,4025,1,28,23,cloudy,autumn,9.05,9462.59
2022/10/27 17:30,target,4706.8,1,28,23,cloudy,autumn,9.05,9462.59
2022/10/27 17:45,target,5116.8,1,28,23,cloudy,autumn,9.05,9462.59
2022/10/27 18:00,target,5069.4,1,28,23,cloudy,autumn,9.05,9462.59
2022/10/27 18:15,target,5185.9,1,28,23,cloudy,autumn,9.05,9462.59
2022/10/27 18:30,target,5449.1,1,28,23,cloudy,autumn,9.05,9462.59
2022/10/27 18:45,target,4525.9,1,28,23,cloudy,autumn,9.05,9462.59
2022/10/27 19:00,target,3748.6,1,28,23,cloudy,autumn,9.05,9462.59
2022/10/27 19:15,target,2674.4,1,28,23,cloudy,autumn,9.05,9462.59
2022/10/27 19:30,target,1200.2,1,28,23,cloudy,autumn,9.05,9462.59
2022/10/27 19:45,target,926.5,1,28,23,cloudy,autumn,9.05,9462.59
2022/10/27 20:00,target,659.4,1,28,23,cloudy,autumn,9.05,9462.59
2022/10/27 20:15,target,590.6,1,28,23,cloudy,autumn,9.05,9462.59
2022/10/27 20:30,target,508.8,1,28,23,cloudy,autumn,9.05,9462.59
2022/10/27 20:45,target,486.6,1,28,23,cloudy,autumn,9.05,9462.59
2022/10/27 21:00,target,607.8,1,28,23,cloudy,autumn,9.05,9462.59
2022/10/27 21:15,target,782.8,1,28,23,cloudy,autumn,9.05,9462.59
2022/10/27 21:30,target,884.2,1,28,23,cloudy,autumn,9.05,9462.59
2022/10/27 21:45,target,1120.1,1,28,23,cloudy,autumn,9.05,9462.59
2022/10/27 22:00,target,998.7,1,28,23,cloudy,autumn,9.05,9462.59
2022/10/27 22:15,target,834.7,1,28,23,cloudy,autumn,9.05,9462.59
2022/10/27 22:30,target,727.5,1,28,23,cloudy,autumn,9.05,9462.59
2022/10/27 22:45,target,944.5,1,28,23,cloudy,autumn,9.05,9462.59
2022/10/27 23:00,target,1049,1,28,23,cloudy,autumn,9.05,9462.59
2022/10/27 23:15,target,950.6,1,28,23,cloudy,autumn,9.05,9462.59
2022/10/27 23:30,target,1048.7,1,28,23,cloudy,autumn,9.05,9462.59
2022/10/27 23:45,target,1859.6,1,28,23,cloudy,autumn,9.05,9462.59
